year,state,winner,loser,winner_party,winner_vote_pct,loser_vote_pct,winner_ngrams_freq,loser_ngrams_freq,winner_mention_share,attention_leader_won,status
1976,AZ,Dennis Deconcini,Sam Steiger,D,0.5401087411125052,0.4333940448725732,4.4296634416074454e-10,8.138426466075543e-08,0.005413434363117226,0.0,ok
1976,FL,Lawton Chiles,John Grady,D,0.6297450878974669,0.3702094183306305,2.3348724909055818e-07,1.8365412302046025e-08,0.927078744371826,1.0,ok
1976,HI,Spark M. Matsunaga,William Quinn,D,0.5372701031473855,0.4062471035313745,4.520258656270926e-08,1.652379300054463e-08,0.7323058128881197,1.0,ok
1976,IN,Richard G. Lugar,Vance Hartke,R,0.5903390127739987,0.4018726745996528,2.2053776582708906e-08,3.9396948636749585e-07,0.0530109216160554,0.0,ok
1976,ME,Edmund S. Muskie,Robert A. G. Monks,D,0.6020325261778758,0.3979674738221241,3.6517052137696737e-07,3.3961673473470455e-09,0.9907854739691699,1.0,ok
1976,MA,Edward M. Kennedy,Michael S. Robertson,D,0.6930872190923851,0.2900710685979557,7.465549458629539e-07,3.4976149754228913e-10,0.9995317187131163,1.0,ok
1976,MO,John C. Danforth,Warren E. Hearnes,R,0.5693861454404897,0.4249610856325021,8.04406852239481e-08,1.11942095593065e-08,0.8778390089737721,1.0,ok
1976,MT,John Melcher,Stanley C. Burger,D,0.6415778749086157,0.3584221250913842,1.6562841409495377e-07,1.3350884287000042e-09,0.9920037109396955,1.0,ok
1976,NV,Howard W. Cannon,David Towell,D,0.6300873208881669,0.3143700563152863,2.697612799806848e-07,6.735117352718589e-09,0.97564121117789,1.0,ok
1976,NY,Daniel Patrick Moynihan,James L. Buckley,D,0.4857614699540639,0.3787590137808193,1.8385993172387316e-07,2.384901733876177e-07,0.43532588129778804,0.0,ok
1976,ND,Quentin N. Burdick,Robert Stroup,D,0.6209664313825239,0.3655241607845631,1.3801114207012688e-07,2.957466382902396e-09,0.9790203903169845,1.0,ok
1976,RI,John H. Chafee,Richard P. Lorber,R,0.5774016936320837,0.4203120534662301,1.2688107453584507e-08,1.6178030026736678e-09,0.8869136635784021,1.0,ok
1976,TN,James R. Sasser,Bill Brock,D,0.5245501890302406,0.4701182783234617,1.0708185449459506e-08,1.9386321525871608e-07,0.05234448907516113,0.0,ok
1976,TX,Lloyd Bentsen,Alan Steelman,D,0.567843416627304,0.422372961853065,2.2937010868417929e-07,4.825723287638084e-08,0.826179825786884,1.0,ok
1976,UT,Orrin G. Hatch,Frank E. Moss,R,0.5558639208746083,0.4289304128647713,5.5992733782872506e-09,3.527590735075137e-07,0.015624788502754164,0.0,ok
1976,VT,Robert T. Stafford,Thomas P. Salmon,R,0.4997408230191473,0.4532000423146091,1.7262175333598861e-07,6.823052167703736e-08,0.7167121561407412,1.0,ok
1976,WA,Henry M. Jackson,George M. Brown,D,0.7184032577051608,0.2424675292449723,7.457710466951539e-07,4.51166748405285e-09,0.9939867100776958,1.0,ok
1976,WI,William Proxmire,Stanley York,D,0.7218800495870417,0.2696912901777248,6.366970524140925e-07,2.8061570844784e-09,0.9956119734149909,1.0,ok
1978,AK,Ted Stevens,Donald Hobbs,R,0.755925078009793,0.2409463830341939,2.210923568668477e-07,1.1887036077684598e-09,0.9946522497003104,1.0,ok
1978,AR,David Pryor,Tom Kelly,D,0.7647977909184782,0.1630280505397012,4.335241321484773e-08,2.8475897195789912e-08,0.6035560765247697,1.0,ok
1978,CO,William L. Armstrong,Floyd K. Haskell,R,0.5868751647836574,0.4029851474996826,2.2997777016087184e-08,1.3117080044366958e-07,0.14917292093513923,0.0,ok
1978,GA,Sam Nunn,John W. Stokes,D,0.8313388970870897,0.1686611029129103,2.5349147847464337e-07,1.9661588801511698e-08,0.9280198864410554,1.0,ok
1978,IA,Roger W. Jepsen,Dick Clark,R,0.5112906511952809,0.4791141144054641,1.2507251900828464e-09,3.839317486153959e-07,0.003247097869552798,0.0,ok
1978,KS,Nancy Landon Kassebaum,Bill Roy,R,0.5386391467324753,0.4241258801958765,8.120003502920525e-09,1.3883898697386599e-08,0.3690256132299656,0.0,ok
1978,ME,William S. Cohen,William D. Hathaway,R,0.5659452859663996,0.3394354782812692,6.239724470447072e-08,1.351715823716404e-07,0.31582535376612275,0.0,ok
1978,MA,Paul E. Tsongas,Edward W. Brooke,D,0.5505781336556378,0.4484987661781739,3.221310329593052e-08,1.520743353466969e-07,0.17479814974475058,0.0,ok
1978,MI,Carl Levin,Robert P. Griffin,D,0.5213859897492825,0.4785184586686714,3.213584687244975e-08,1.0398905914144052e-07,0.23607617307864723,0.0,ok
1978,MN,Rudolph E. Boschwitz,Wendell Anderson,R,0.56565832944246,0.4038758159762423,5.7032521066924247e-11,9.458560867869892e-08,0.0006026091447146274,0.0,ok
1978,MS,Thad Cochran,Maurice Dantin,R,0.4528730880529144,0.3177390060924782,3.6705687378457696e-08,7.940981316956197e-09,0.8221372042082079,1.0,ok
1978,MT,Max Baucus,Larry Williams,D,0.5568934021434873,0.4431065978565128,6.660902585053918e-08,4.4819712385901767e-08,0.5977724140535569,1.0,ok
1978,NJ,Bill Bradley,Jeffrey Bell,D,0.5532320314276008,0.4312610631336158,6.489298698397761e-08,1.4260238212493448e-08,0.8198400864008101,1.0,ok
1978,NM,Pete V. Domenici,Toney Anaya,R,0.5340580575101823,0.4659419424898177,1.452034581461703e-07,3.636290024644495e-08,0.7997266642986,1.0,ok
1978,NC,Jesse Helms,John Randolph Ingram,R,0.5451165419690196,0.4548834580309804,1.8083660791035072e-07,3.2412769135348185e-09,0.982391817916444,1.0,ok
1978,OK,David Lyle Boren,Robert B. Kamm,D,0.654880784446825,0.3286077553747759,9.68754798602589e-10,6.145679298796836e-09,0.13616751316267064,0.0,ok
1978,OR,Mark Hatfield,Vern Cook,R,0.6164189405703863,0.3827553057753457,1.1850938719248916e-07,2.8137314700416027e-09,0.9768079530013715,1.0,ok
1978,SC,Strom Thurmond,Charles D. Ravenel,R,0.5567751948777258,0.4432248051222742,3.8869086438353406e-07,8.541577445342341e-10,0.9978072939043913,1.0,ok
1978,SD,Larry Pressler,Don Barnett,R,0.6683594223764568,0.3316405776235431,5.8974487515683904e-08,7.902021703642959e-09,0.8818415943671993,1.0,ok
1978,TN,Howard H. Baker,Jane Eskind,R,0.5553948080276969,0.4029300990239341,1.4857113939115152e-07,6.1027469189234296e-09,0.9605444263119551,1.0,ok
1978,TX,John G. Tower,Robert Krueger,R,0.4978837122817335,0.4925964523856884,3.295532557956449e-08,2.4094719108802565e-08,0.5776564375993265,1.0,ok
1978,VA,John William Warner,Andrew P. Miller,R,0.5017214069720255,0.4978588773546622,6.822620940427626e-10,3.3132806720459484e-08,0.02017627400924174,0.0,ok
1978,WY,Raymond B. Whitaker,Alan Kooi Simpson,D,0.6216670165861852,0.3783329834138148,7.392946255180277e-10,2.2813008426769699e-10,0.7641882805347967,1.0,ok
1980,AL,Jeremiah Denton,Jim Folsom Jr.,R,0.5015295849569349,0.4705391989401252,2.3203297949692114e-08,1.5171318992757143e-09,0.9386284175257147,1.0,ok
1980,AK,Frank H. Murkowski,Clark S. Gruening,R,0.5368584223217361,0.4593396358811447,3.3155388989847268e-09,9.55142853698021e-10,0.7763488573930798,1.0,ok
1980,AZ,Barry Goldwater,Bill Schulz,R,0.4945689846472013,0.4838179077093423,5.459355350012629e-07,1.603974342234693e-09,0.9970705778946293,1.0,ok
1980,AR,Dale Bumpers,Bill Clark,D,0.5908727862593532,0.4087179715434489,1.5290234500753286e-07,3.765295453206363e-08,0.8024040547650079,1.0,ok
1980,CA,Alan Cranston,Paul Gann,D,0.5651238849727751,0.3714159710485761,4.664001096443826e-07,3.839647355619036e-08,0.9239367403940328,1.0,ok
1980,CO,Gary Hart,Mary Estill Buchanan,D,0.5033499780930186,0.4869785584353812,2.52215954787971e-07,7.193768358781938e-09,0.9722687019147995,1.0,ok
1980,CT,Christopher J. Dodd,James L. Buckley,D,0.5633678078277381,0.4290942610106373,2.6198775593400114e-08,2.2711315494916562e-08,0.5356517440561117,1.0,ok
1980,FL,Paula Hawkins,Bill Gunter,R,0.5165661950528737,0.4833887372775953,1.635955237944131e-08,2.1820218520929302e-08,0.42848744226703855,0.0,ok
1980,GA,Mack Mattingly,Herman E. Talmadge,R,0.5087170826716056,0.4912829173283944,7.591797634987074e-09,2.157978329364596e-07,0.033984557007264445,0.0,ok
1980,HI,Daniel K. Inouye,Cooper Brown,D,0.7794455671062408,0.1842600501378443,1.4949476678793872e-07,2.2461422721775648e-09,0.9851975167007356,1.0,ok
1980,ID,Steve Symms,Frank Church,R,0.4974468152858998,0.4877526743046125,3.122940395172691e-08,5.851360924680193e-07,0.05066702165051046,0.0,ok
1980,IL,Alan J. Dixon,David C. O'Neal,D,0.5601060604638093,0.4249527677663176,4.042315815411257e-08,4.328269631592718e-09,0.9032819767825313,1.0,ok
1980,IN,Dan Quayle,Birch Bayh,R,0.537857946047446,0.4621420539525541,4.010446019719893e-08,3.678384814520541e-07,0.09830899398592981,0.0,ok
1980,IA,Charles E. Grassley,John Culver,R,0.5348641253702077,0.4554043662185803,3.682304949848003e-08,1.1786380227363225e-07,0.23804899431742574,0.0,ok
1980,KS,Bob Dole,John Simpson,R,0.6376074729726707,0.3623925270273292,1.1788227993747569e-07,9.610208095978123e-08,0.5508920345542263,1.0,ok
1980,KY,Wendell H. Ford,Mary Louise Foust,D,0.6512584468615618,0.3487415531384382,1.0772043523843422e-07,1.4613679433228555e-09,0.9866152792797341,1.0,ok
1980,NV,Paul Laxalt,Mary Gojack,R,0.5928483637723874,0.3787062271604329,1.3903686735261545e-07,2.406216670358674e-09,0.9829880924402932,1.0,ok
1980,NH,Warren Rudman,John A. Durkin,R,0.5214072415080254,0.4784701114488348,8.87647355618526e-09,9.46840010840333e-08,0.08571294779232316,0.0,ok
1980,NC,John P. East,Robert Morgan,R,0.4995725009943454,0.4937810993705724,6.857220347100679e-09,1.799151121417708e-07,0.03671432623731491,0.0,ok
1980,OH,John Glenn,James E. Betts,D,0.6880003813966816,0.2824955062978872,3.2837782271144533e-07,7.307540961232206e-10,0.9977795957090766,1.0,ok
1980,OK,Don Nickles,Andy Coats,R,0.5346947174435989,0.4354781142389924,1.1761382645580909e-08,1.0158258817449806e-09,0.9204970413081628,1.0,ok
1980,OR,Bob Packwood,Ted Kulongoski,R,0.52108121568373,0.44012769904971,1.5766540428785447e-07,3.7433248722962276e-09,0.9768084112193085,1.0,ok
1980,PA,Arlen Specter,Pete Flaherty,R,0.504839926827314,0.480391766307337,2.6791592055985802e-08,5.883525666661171e-09,0.8199386543423736,1.0,ok
1980,SD,James Abdnor,George Mcgovern,R,0.5820055087670012,0.3939745570694825,4.7806336667122196e-08,1.6052781326436616e-10,0.9966533602935417,1.0,ok
1980,UT,Jake Garn,Dan Berman,R,0.7364571309343124,0.2548452123345527,1.4386602487093114e-07,5.66841151794506e-09,0.9620929355482779,1.0,ok
1980,VT,Patrick J. Leahy,Stewart M. Ledbetter,D,0.4981542051605745,0.4849802031330694,1.1469773752992296e-07,3.599900405548695e-09,0.9695691269210942,1.0,ok
1980,WA,Slade Gorton,Warren G. Magnuson,R,0.5417344328670556,0.4582655671329444,5.032342720312499e-08,1.818761248273404e-07,0.21672491080655654,0.0,ok
1980,WI,Robert W. Kasten Jr.,Gaylord A. Nelson,R,0.5019099882860101,0.4833889997377736,1.954584771812762e-09,3.5980064483354113e-09,0.3520130862002485,0.0,ok
1982,AZ,Dennis Deconcini,Pete Dunn,D,0.5691097342809976,0.4030322495976571,3.5780418627950894e-09,6.511771122319487e-09,0.35461924498241415,0.0,ok
1982,FL,Lawton Chiles,Van B. Poole,D,0.6171912540009701,0.3826497059077364,1.278572412388712e-07,1.4232500594735242e-09,0.988990991253359,1.0,ok
1982,HI,Spark Matsunaga,Clarence J. Brown,D,0.8008420090728109,0.1699389706602265,3.231520828705925e-08,9.470268480527011e-08,0.254414614353344,0.0,ok
1982,IN,Richard G. Lugar,Floyd J. Fithian,R,0.5383304893503338,0.4558443437937981,8.194468748001782e-08,1.4884276477999947e-08,0.8462828076477887,1.0,ok
1982,ME,George J. Mitchell,David F. Emery,D,0.6086792904299403,0.3912902559194283,5.1148434820902366e-08,1.7950456676629756e-08,0.7402207721773532,1.0,ok
1982,MD,Paul S. Sarbanes,Lawrence J. Hogan,D,0.6345764293211565,0.3654235706788434,4.7598001984283655e-08,6.046094291889403e-09,0.8872924569227038,1.0,ok
1982,MA,Edward M. Kennedy,Ray Shamie,D,0.6081055447980733,0.3825891653326143,2.995933101601622e-07,4.600707453894515e-09,0.9848757464397883,1.0,ok
1982,MN,Dave Durenberger,Mark Dayton,R,0.5259711582417886,0.4656799700777148,6.407481301096141e-08,9.094066333314998e-09,0.875711280331009,1.0,ok
1982,MS,John C. Stennis,Haley Barbour,D,0.6419880748993064,0.3580119251006936,6.319230294593581e-08,3.5182268348643575e-09,0.9472612967334442,1.0,ok
1982,MO,John C. Danforth,Harriett Woods,R,0.5084971309104314,0.491492503179419,1.1805806465758906e-07,6.876526903454305e-09,0.9449589835966733,1.0,ok
1982,MT,John Melcher,Larry Williams,D,0.5446331238203214,0.4167076763989509,1.1266917709917834e-07,7.583642869235518e-08,0.5976966924993099,1.0,ok
1982,NE,Edward Zorinsky,Jim Keck,D,0.6659067125815775,0.2854592804505477,6.053295464880648e-08,2.8679927321917376e-09,0.9547641975291477,1.0,ok
1982,NV,Chic Hecht,Howard Cannon,R,0.5120312041412693,0.4879687958587306,1.2880007366211643e-08,7.904444743189742e-08,0.14011513469946185,0.0,ok
1982,NJ,Frank R. Lautenberg,Millicent Fenwick,D,0.5093787674713814,0.4775078682464692,8.77294148438068e-09,8.356143865739796e-08,0.09501272950454538,0.0,ok
1982,NM,Jeff Bingaman,Harrison H. Schmitt,D,0.5377386922259826,0.4622613077740174,3.994624719894091e-08,4.9096419374450306e-08,0.4486191702942342,0.0,ok
1982,NY,Daniel P. Moynihan,Florence M. Sullivan,D,0.6219886390743135,0.2849891771471431,1.772896780494193e-07,1.140134042731944e-09,0.9936101819008636,1.0,ok
1982,ND,Quentin N. Burdick,Gene Knorr,D,0.6281713752309832,0.3402510810965271,3.798225556295165e-08,1.56949836807585e-09,0.9603178566793061,1.0,ok
1982,OH,Howard M. Metzenbaum,Paul E. Pfeifer,D,0.5665698610174813,0.4113695245685198,8.588864375269623e-08,3.589053609864834e-09,0.9598888469903054,1.0,ok
1982,PA,John Heinz,Cyril H. Wecht,R,0.5927730245597523,0.3920429132534319,2.568034176420042e-07,6.610972658194214e-09,0.974902765749965,1.0,ok
1982,RI,John H. Chafee,Julius C. Michaelson,R,0.5119785983931291,0.4880214016068709,1.2184712616658544e-07,1.595285348265918e-09,0.9870766835426413,1.0,ok
1982,TN,Jim Sasser,Robin Beard,D,0.6192429660616693,0.3807332203510916,7.998213646942531e-08,2.5154737848254172e-08,0.7607429552047827,1.0,ok
1982,TX,Lloyd Bentsen,Jim Collins,D,0.5859249598877534,0.4049923835874769,1.5095151439936672e-07,3.6581587536943516e-08,0.8049326377091159,1.0,ok
1982,UT,Orrin G. Hatch,Ted Wilson,R,0.5827634409817597,0.413491283001948,2.1763219137937995e-07,1.9786140725841506e-08,0.9166612765307757,1.0,ok
1982,VT,Robert T. Stafford,James A. Guest,R,0.5026666349210128,0.4722562826633016,1.531741418148158e-07,4.162955535846891e-09,0.9735411698452224,1.0,ok
1982,WA,Henry M. Jackson,Doug Jewett,D,0.689566349720419,0.2428051350553462,1.8489433273316536e-07,1.7879244196272737e-09,0.9904226333723621,1.0,ok
1982,WV,Robert C. Byrd,Cleve Benedict,D,0.6848760158071443,0.3076343412687462,3.0719073151885823e-07,2.1675492511974426e-08,0.9340902442144917,1.0,ok
1984,AL,Howell Heflin,Albert Lee Smith,D,0.6275624729258463,0.3635469948965676,5.463150110074366e-08,1.3305171187028009e-08,0.8041533278128654,1.0,ok
1984,AK,Ted Stevens,John E. Havelock,R,0.7116858330346157,0.2848506573402183,2.4080088678601896e-07,4.835757211330005e-10,0.997995827347902,1.0,ok
1984,AR,David Pryor,Ed Bethune,D,0.5734774349396545,0.4265225650603454,7.372303301167449e-08,5.263041025216353e-08,0.5834667509434925,1.0,ok
1984,DE,Joseph R. Biden Jr.,John M. Burris,D,0.6011051835466714,0.3988948164533286,1.49812340310973e-08,1.071070246383421e-09,0.9332762307598422,1.0,ok
1984,GA,Sam Nunn,Mike Hicks,D,0.7994223668684101,0.2005514635910319,1.9919997384931776e-07,5.4416553485481245e-09,0.973408854445316,1.0,ok
1984,IL,Paul Simon,Charles H. Percy,D,0.5007305734819059,0.4821135349834511,3.433971471622499e-07,2.042324211970481e-07,0.6270610043775944,1.0,ok
1984,IA,Tom Harkin,Roger W. Jepsen,D,0.5545625435135763,0.4365908563471803,8.094438008754423e-08,8.125422112925662e-08,0.49904487141261394,0.0,ok
1984,KS,Nancy Landon Kassebaum,James R. Maher,R,0.7598875923144606,0.2123586250625797,4.392985353263157e-08,1.7856707223984358e-09,0.9609395112164341,1.0,ok
1984,ME,William S. Cohen,Elizabeth H. Mitchell,R,0.7334232852018295,0.2586587741156244,1.2362409052002477e-07,2.263449649930749e-09,0.9820200661092038,1.0,ok
1984,MA,John F. Kerry,Raymond Shamie,D,0.5505496802769129,0.4492890849173928,9.991965699285288e-09,5.306944717009543e-09,0.6531161649683804,1.0,ok
1984,MI,Carl Levin,Jack Lousma,D,0.5176609281214655,0.471583690404973,1.1961644830194018e-07,2.5381665214041504e-08,0.8249517555878826,1.0,ok
1984,MN,Rudy Boschwitz,Joan Anderson Growe,R,0.580756511044976,0.4127710424689869,9.546162260676283e-08,1.0100655867262276e-08,0.9043156702064965,1.0,ok
1984,MS,Thad Cochran,William F. Winter,R,0.6094198941443334,0.3905801058556666,1.0209267031768832e-07,1.5619343152195597e-08,0.8673088439168383,1.0,ok
1984,MT,Max Baucus,Chuck Cozzens,D,0.5689071751658292,0.406978676266962,9.903323316962087e-08,1.0174361977921542e-09,0.9898307906961037,1.0,ok
1984,NE,J. J. Exon,Nancy Hoch,D,0.5193584797113503,0.4801662737545101,4.062163272422481e-09,4.652025320517339e-09,0.4661550790527554,0.0,ok
1984,NJ,Bill Bradley,Mary V. Mochary,D,0.6415863813340154,0.3488181327298046,1.7976130095576082e-07,5.903929151118703e-10,0.9967264354304619,1.0,ok
1984,NM,Pete V. Domenici,Judith A. Pratt,R,0.7189545474440646,0.2810255573638074,1.0344677647822209e-07,1.3439099277867683e-09,0.9871752922527883,1.0,ok
1984,OR,Mark O. Hatfield,Margie Hendriksen,R,0.6652907835865436,0.3343297097720902,1.1426365986721976e-07,6.641612149138609e-09,0.945067638173462,1.0,ok
1984,SC,Strom Thurmond,Melvin Purvis,R,0.6681120678043372,0.318073212935045,4.553244821181579e-07,1.8226062437065593e-08,0.9615118963611705,1.0,ok
1984,SD,Larry Pressler,George V. Cunningham,R,0.744904391013357,0.2550956089866429,1.0909013425930425e-07,5.932913049733202e-10,0.9945908754953533,1.0,ok
1984,TN,Albert Gore Jr.,Victor Ashe,D,0.6071511787363868,0.3379877624032484,2.655092501413492e-08,4.594325475615335e-09,0.8524871239315508,1.0,ok
1984,TX,Phil Gramm,Lloyd Doggett,R,0.5854805766762047,0.4144680513148035,8.623180391964524e-08,2.188407721703811e-08,0.7975868393527533,1.0,ok
1984,WV,Jay Rockefeller,John R. Raese,D,0.5181761034156176,0.4772559857770294,3.366898049250722e-08,1.6629122800981833e-09,0.9529345260158968,1.0,ok
1984,WY,Al Simpson,Victor A. Ryan,R,0.7831704994167942,0.2168295005832058,7.571470339584607e-09,4.806773312715507e-10,0.9403044565350797,1.0,ok
1986,AL,Richard Shelby,Jeremiah Denton,D,0.5028150082061429,0.497184991793857,2.6383713880306914e-08,1.3564442014057931e-07,0.16283415247444571,0.0,ok
1986,AK,Frank H. Murkowski,Glenn Olds,R,0.5402293128909685,0.4409654813856118,7.735260609820216e-08,2.0703456726778313e-09,0.9739326526335815,1.0,ok
1986,AR,Dale Bumpers,Asa Hutchinson,D,0.6227607417536202,0.3771644904937116,1.0680409445740224e-07,6.853488221381099e-09,0.9397005632193474,1.0,ok
1986,CA,Alan Cranston,Ed Zschau,D,0.4928959559432758,0.4787216586366193,3.19663001846493e-07,8.695719166951221e-08,0.7861464013442081,1.0,ok
1986,CO,Timothy E. Wirth,Ken Kramer,D,0.4991199747352147,0.4836075850918912,8.777372073609513e-08,5.3829751323064556e-08,0.6198557101723089,1.0,ok
1986,CT,Christopher J. Dodd,Roger W. Eddy,D,0.6476339728517718,0.3484763028784983,5.018624804620231e-08,5.181753914840215e-10,0.9897804697035785,1.0,ok
1986,FL,Bob Graham,Paula Hawkins,D,0.5473892680924409,0.4525882829017876,1.165189758012275e-07,1.963334455012955e-07,0.3724407032431295,0.0,ok
1986,GA,Wyche Fowler Jr.,Mack Mattingly,D,0.5091452463983909,0.490805774329637,1.1300628655064315e-08,1.0733639754789692e-07,0.09525380917532006,0.0,ok
1986,HI,Daniel K. Inouye,Frank Hutchinson,D,0.7356727707369592,0.2643272292630407,8.155234354489949e-08,4.585460233741401e-09,0.9467659955026804,1.0,ok
1986,ID,Steve Symms,John V. Evans,R,0.5155644671538961,0.4844355328461039,7.036240745605937e-08,2.4057245084918577e-08,0.7452093453269405,1.0,ok
1986,IL,Alan J. Dixon,Judy Koehler,D,0.6512517439814428,0.3374234641515548,6.102165173160756e-08,3.307695273235822e-08,0.6484862562969811,1.0,ok
1986,KY,Wendell H. Ford,Jackson M. Andrews,D,0.7438208717221828,0.2559207417906922,5.101715316868649e-08,4.1460323368935903e-10,0.9919387696884059,1.0,ok
1986,LA,John B. Breaux,W. Henson Moore,D,0.5282046752420072,0.4717953247579927,4.858695135112612e-08,3.743032461756002e-08,0.5648510814131545,1.0,ok
1986,MD,Barbara A. Mikulski,Linda Chavez,D,0.6068690866832579,0.3931300145510171,3.826286487651487e-08,8.175074128757842e-08,0.31882105787404197,0.0,ok
1986,NV,Harry Reid,Jim Santini,D,0.4999580043675458,0.4451766107233939,5.994477980664215e-08,3.977076512562405e-08,0.6011578219560536,1.0,ok
1986,NH,Warren B. Rudman,Endicott Peabody,R,0.6296197928371504,0.3237052321899197,3.1780637677059076e-08,2.0810162482121086e-08,0.6043003259289924,1.0,ok
1986,ND,Kent Conrad,Mark Andrews,D,0.4980122001432461,0.4906768899668873,1.8089596043324718e-08,1.9184628285984218e-07,0.08616724372144392,0.0,ok
1986,OH,John Glenn,Thomas N. Kindness,D,0.6245081601915168,0.3754636454248685,3.2607337629997346e-07,4.2356010254707144e-08,0.8850362870052417,1.0,ok
1986,OK,Don Nickles,James R. Jones,R,0.5521481179769623,0.4478518820230377,1.3589181691031627e-07,6.766033777694247e-08,0.6676019574398657,1.0,ok
1986,OR,Bob Packwood,Rick Bauman,R,0.6295274589829793,0.3603982523703785,4.0822372682214336e-07,2.859291359236238e-09,0.9930444916652464,1.0,ok
1986,PA,Arlen Specter,Bob Edgar,R,0.5643604069117933,0.4286921597311725,1.771163979924495e-07,6.798862806078887e-08,0.7226143047510527,1.0,ok
1986,SD,Thomas A. Daschle,James Abdnor,D,0.5160294763884663,0.4839705236115336,4.054308710976784e-08,1.2168723273475734e-07,0.2499106649646173,0.0,ok
1986,VT,Patrick Leahy,Dick Snelling,D,0.6315663606944416,0.3449718112063175,7.686363190373413e-08,1.3308682211832235e-09,0.9829800277633703,1.0,ok
1986,WA,Brock Adams,Slade Gorton,D,0.5065707468480978,0.4867257828255071,4.2199743255366684e-08,1.633967485759058e-07,0.20525517181489109,0.0,ok
1986,WI,Robert W. Kasten Jr.,Edward R. Garvey,R,0.5087555472250728,0.4739585510533491,1.793226322988062e-08,9.850995574822718e-10,0.9479261687501,1.0,ok
1988,FL,Connie Mack,Buddy Mackay,R,0.504170508447329,0.4956856936307844,1.2765231716116432e-07,1.7466418866796118e-09,0.9865018861084206,1.0,ok
1988,HI,Spark Matsunaga,Maria M. Hustace,D,0.7655429855870766,0.2068291568378021,4.8588674417260336e-08,3.054624053699939e-10,0.99375257596881,1.0,ok
1988,IN,Richard G. Lugar,Jack Wickes,R,0.6814285503331344,0.3185714496668656,6.828443233075632e-08,1.254914935855389e-09,0.9819538867535802,1.0,ok
1988,ME,George J. Mitchell,Jasper S. Wyman,D,0.8129053696036785,0.1870946303963215,1.8924624356486675e-07,2.0255409849401218e-10,0.9989308240485435,1.0,ok
1988,MD,Paul S. Sarbanes,Alan L. Keyes,D,0.617888582091629,0.381887555540439,1.203460584520144e-07,1.4150846716631804e-08,0.8947868227979818,1.0,ok
1988,MA,Edward M. Kennedy,Joseph D. Malone,D,0.6497305489740909,0.3392903529050638,3.325960591382682e-07,6.583008027583048e-10,0.9980246295866173,1.0,ok
1988,MS,Trent Lott,Wayne Dowdy,R,0.5391040002366067,0.4608959997633933,7.91441472358656e-08,4.481623250285338e-08,0.6384632525544366,1.0,ok
1988,MT,Conrad Burns,John Melcher,R,0.5186664622427133,0.4813335377572867,1.407858624125069e-08,2.0354105600972616e-07,0.06469354556246401,0.0,ok
1988,NE,Bob Kerrey,Dave Karnes,D,0.5670604617734256,0.4166292336717276,1.2028424478671695e-08,9.640885395567622e-09,0.5550903350628255,1.0,ok
1988,NV,Richard H. Bryan,Chic Hecht,D,0.5126881167733136,0.4711819559763673,2.6571081335191593e-08,9.578848292335351e-08,0.21715573683351014,0.0,ok
1988,NJ,Frank R. Lautenberg,Peter M. Dawkins,D,0.5355090349085597,0.4518414906243536,1.009157593045984e-07,1.7380223926721783e-09,0.9830690855813021,1.0,ok
1988,NM,Jeff Bingaman,Bill Valentine,D,0.633079563820542,0.3668496533608075,1.4228872657895408e-07,1.982937425371034e-09,0.9862555309176195,1.0,ok
1988,ND,Quentin N. Burdick,Earl Strinden,D,0.5944565480513193,0.3905557284642252,1.1063087512752645e-07,8.838705212177445e-09,0.9260171067225216,1.0,ok
1988,OH,Howard M. Metzenbaum,George V Voinovich,D,0.5697431944873595,0.4302221160351535,1.2892674305930996e-07,1.5354683149948478e-10,0.9988104548600768,1.0,ok
1988,PA,John Heinz,Joe Vignola,R,0.6645253352838983,0.3244548731071648,2.591962484643773e-07,3.4030518680783217e-10,0.9986887966954158,1.0,ok
1988,RI,John H. Chaffee,Richard A. Licht,R,0.5459257770295736,0.4540742229704264,2.5433450345779818e-09,6.217050430024074e-09,0.2903230847117373,0.0,ok
1988,TN,Jim Sasser,Bill Andersen,D,0.6508890804572031,0.3452268755172504,1.2357504175497525e-07,2.281188460351302e-09,0.9818746481088109,1.0,ok
1988,TX,Lloyd Bentsen,Beau Boulter,D,0.5916677530230449,0.3999597265462545,5.685633084340225e-07,4.3258472359752886e-08,0.9292956319671564,1.0,ok
1988,UT,Orrin G. Hatch,Brian H. Moss,R,0.6712777547127994,0.3174080929979928,1.1553777667927534e-07,1.0127704924700609e-10,0.9991241968350523,1.0,ok
1988,VT,James M. Jeffords,Bill Gray,R,0.6796233361653923,0.2976160727672547,4.8523453699544916e-08,3.655637748067875e-08,0.5703285141311367,1.0,ok
1988,VA,Charles S. Robb,Maurice A. Dawkins,D,0.7124984955751784,0.2869413025394691,3.437586926224867e-08,2.901892726114852e-09,0.9221548566402485,1.0,ok
1988,WA,Slade Gorton,Mike Lowry,R,0.5108669427040338,0.4891330572959662,5.266387326230415e-08,8.957590935665394e-08,0.37024714389070623,0.0,ok
1988,WV,Robert C. Byrd,M. Jay Wolfe,D,0.6476793681161521,0.3523206318838478,2.643541705538155e-07,5.0638524623503045e-11,0.9998084810756658,1.0,ok
1988,WI,Herbert H. Kohl,Susan Engeleiter,D,0.5205378679912738,0.4752535525023176,2.8961835152330195e-09,1.9247371585429107e-08,0.1307912619300421,0.0,ok
1988,WY,Malcolm Wallop,John P. Vinich,R,0.5036526601976083,0.4963473398023916,1.1199557548025041e-07,1.63919228191034e-09,0.9855749053375883,1.0,ok
1990,AL,Howell Heflin,Bill Cabaniss,D,0.6056714992313236,0.394201934938413,1.2654383851895545e-07,1.2827926668818046e-08,0.9079589280401581,1.0,ok
1990,AK,Ted Stevens,Michael Beasley,R,0.6622867280489795,0.3219254884000063,1.8643704891019297e-07,2.6136781627883465e-09,0.986174725676779,1.0,ok
1990,CO,Hank Brown,Josie Heath,R,0.5567837248918082,0.4165702080277723,7.737412488495465e-08,1.0282666162986231e-08,0.8826940156027103,1.0,ok
1990,DE,Joseph R. Biden Jr.,M. Jane Brady,D,0.6267755346725357,0.3583207979706589,3.0406081208411706e-08,8.42620917484993e-10,0.9730350107313197,1.0,ok
1990,ID,Larry E. Craig,Ron J. Twilegar,R,0.6129121087815254,0.3870878912184746,2.7407253355704597e-08,4.213104587424965e-10,0.9848605029870864,1.0,ok
1990,IL,Paul Simon,Lynn Martin,D,0.6506840192494321,0.3493159807505679,5.198900794312067e-07,1.5842077516481368e-07,0.7664481202218651,1.0,ok
1990,IA,Tom Harkin,Thomas J. Tauke,D,0.5447271308107361,0.4541660865119881,1.989005085079043e-07,3.4602823717477804e-08,0.8518101502548218,1.0,ok
1990,KS,Nancy Landon Kassebaum,Dick Williams,R,0.7359186502763169,0.263904557797605,6.491321968837838e-08,3.366141854144189e-08,0.6585184673672094,1.0,ok
1990,ME,William S. Cohen,Neil Rolde,R,0.6134052121771217,0.386402598400984,9.909085818549102e-08,3.076510157740131e-09,0.9698875462133408,1.0,ok
1990,MA,John F. Kerry,Jim Rappaport,D,0.5451305154420623,0.4095214055718539,7.212425146008172e-08,1.367848480315903e-08,0.8405821842185339,1.0,ok
1990,MI,Carl Levin,Bill Schuette,D,0.5747925986157358,0.4123012981088805,1.5197999658767003e-07,4.7197834973644603e-08,0.7630367064262606,1.0,ok
1990,MN,Paul David Wellstone,Rudy Boschwitz,D,0.5044116711696888,0.4780716187926738,7.613772667891539e-10,1.23696381137961e-07,0.006117555679518767,0.0,ok
1990,MT,Max Baucus,Allen C. Kolstad,D,0.6812980684921212,0.2938472330084926,1.543843737294992e-07,7.052793071782304e-10,0.9954524412598212,1.0,ok
1990,NE,J. James Exon,Hal Daub,D,0.5890240945189517,0.4092312925628296,8.606117418707981e-08,3.704818940519772e-08,0.6990627818701379,1.0,ok
1990,NH,Robert C. Smith,John A. Durkin,R,0.6513265589770516,0.3133191257168154,6.535813845687244e-08,4.259532948580613e-09,0.9388153487097678,1.0,ok
1990,NJ,Bill Bradley,Christine Todd Whitman,D,0.5044277553142865,0.4740241450145322,2.6957725651755027e-07,1.0189995069964652e-08,0.9635768839557082,1.0,ok
1990,NC,Jesse Helms,Harvey B. Gantt,R,0.5253860073396357,0.4742849411838605,4.93742504659167e-07,4.512549611757066e-09,0.9909432938550717,1.0,ok
1990,OK,David L. Boren,Stephen Jones,D,0.8317531526357324,0.1682468473642676,9.067547068752901e-08,5.262753433044054e-08,0.632753449072186,1.0,ok
1990,OR,Mark O. Hatfield,Harry Lonsdale,R,0.5368135691900423,0.4618973759500753,1.32427011578784e-07,7.298729953753025e-09,0.9477638846378681,1.0,ok
1990,RI,Claiborne Pell,Claudine Schneider,D,0.6183150122781285,0.3816575198729887,2.571160848674481e-07,1.0074033340856658e-07,0.718489516287324,1.0,ok
1990,SC,Strom Thurmond,Bob Cunningham,R,0.6420963453556339,0.3251722355724402,3.6183868701300526e-07,8.249730232279262e-09,0.9777087586429067,1.0,ok
1990,SD,Larry Pressler,Ted Muenster,R,0.5239172741875695,0.4507251637217348,1.1167306368520258e-07,5.8261186985930635e-09,0.9504156660464002,1.0,ok
1990,TN,Albert Gore Jr.,William R. Hawkins,D,0.6772331941188027,0.2981202211444506,2.589804370956017e-08,6.5900933599039035e-09,0.7971538550882932,1.0,ok
1990,TX,Phil Gramm,Hugh Parmer,R,0.6023711218560619,0.374130628333687,1.9536261675057176e-07,7.143009961296798e-09,0.9647268568420565,1.0,ok
1990,WY,Alan K. Simpson,Kathy Helling,R,0.6393625659764515,0.3606374340235485,9.2632696180317e-08,5.358920009135293e-10,0.9942481472417386,1.0,ok
1992,AL,Richard C. Shelby,Richard Sellers,D,0.6481801547598902,0.3308501272975835,3.335957021732838e-08,1.0902143410262966e-08,0.7536890798672803,1.0,ok
1992,AK,Frank H. Murkowski,Tony Smith,R,0.5304779862669682,0.384061840359762,5.124987545457316e-08,6.937072427604107e-08,0.42488493316258674,0.0,ok
1992,AZ,John Mccain,Claire Sargent,R,0.5581523402537244,0.3157054262107548,1.4309550211422106e-09,3.413619484304853e-09,0.29537269362527024,0.0,ok
1992,AR,Dale Bumpers,Mike Huckabee,D,0.6017719411135556,0.3982280588864444,1.9411313445516498e-07,4.146742615951382e-09,0.9790843075401285,1.0,ok
1992,CA,Barbara Boxer,Bruce Herschensohn,D,0.4790378957643557,0.4300286776404869,1.6053241580493705e-07,2.8987964917348563e-08,0.8470456591165982,1.0,ok
1992,CO,Ben Nighthorse Campbell,Terry Considine,D,0.5177676321870477,0.427042258239284,7.169737514800545e-08,1.4529901948279189e-08,0.8314929748732,1.0,ok
1992,CT,Christopher J. Dodd,Brook Johnson,D,0.3849383704914034,0.3811893558905042,9.381024312915542e-08,4.7521357127155994e-09,0.951785501034429,1.0,ok
1992,FL,Bob Graham,Bill Grant,D,0.6540458135256102,0.3459098521045727,1.5249439400122355e-07,3.3211202676852736e-08,0.8211620798137554,1.0,ok
1992,HI,Daniel K. Inouye,Rick Reed,D,0.572691125275668,0.2692830155474039,1.5876431547212633e-07,9.781587984036832e-09,0.941964842909511,1.0,ok
1992,ID,Dirk Kempthorne,Richard H. Stallings,R,0.565236654239045,0.434763345760955,9.002423917436886e-09,1.9294219555376912e-08,0.3181445858087737,0.0,ok
1992,IN,Dan Coats,Joseph H. Hogsett,R,0.5733730181340004,0.4070441425577885,6.484210146595615e-08,1.3885793848089634e-08,0.8236229510175629,1.0,ok
1992,KS,Bob Dole,Gloria O'Dell,R,0.6269678023022832,0.3102897872691746,2.562143066597855e-07,3.0628522634801314e-09,0.9881869568603743,1.0,ok
1992,KY,Wendell H. Ford,David L. Williams,D,0.6288334292614238,0.3581178457806918,8.294162867628074e-08,1.3116092656417777e-08,0.8634561337241196,1.0,ok
1992,MD,Barbara A. Mikulski,Alan L. Keyes,D,0.7101566395010477,0.2898433604989524,5.763065402675238e-08,7.213064590061435e-09,0.8887623235692854,1.0,ok
1992,NV,Harry Reid,Demar Dahl,D,0.5104993677995189,0.402133953904821,1.0394647631528642e-07,1.6560816051836014e-09,0.9843177889078141,1.0,ok
1992,NH,Judd Gregg,John Rauh,R,0.4816778277399309,0.4534843777138777,5.6189849217958e-08,5.202626857103709e-09,0.9152562791123997,1.0,ok
1992,NC,Lauch Faircloth,Terry Sanford,R,0.5034704725684678,0.4631751303681963,1.4566686523664885e-08,1.0673493378021703e-07,0.12008649585366436,0.0,ok
1992,ND,Byron L. Dorgan,Steve Sydness,D,0.590040696545893,0.3887457765407607,4.1699577124632015e-08,3.397078174316448e-09,0.9246711723564195,1.0,ok
1992,OH,John Glenn,Michael Dewine,D,0.5098963214699852,0.4230955122004742,3.841838491780436e-07,3.5817174226515647e-10,0.9990685758050369,1.0,ok
1992,OK,Don Nickles,Steve Lewis,R,0.5854933047388682,0.3819076144351576,7.002263302524625e-08,2.4954501576246457e-08,0.7372577970376645,1.0,ok
1992,OR,Bob Packwood,Les Aucoin,R,0.5213937456441815,0.4649968423722396,1.336138808483156e-07,1.9072435297751156e-09,0.9859265960304897,1.0,ok
1992,PA,Arlen Specter,Lynn Yeakel,R,0.4910295039365652,0.4633019671373331,1.693041653538785e-07,2.429052992081182e-08,0.8745289488105749,1.0,ok
1992,SC,Ernest F. Hollings,Tommy Hartnett,D,0.5006870331182155,0.4694655712540599,1.047648297003434e-07,6.437835708972273e-09,0.9421071816464486,1.0,ok
1992,SD,Thomas A. Daschle,Charlene Haar,D,0.6490231543072392,0.3250661444864646,3.156275329985192e-08,3.598258843662272e-09,0.8976633883866734,1.0,ok
1992,UT,Robert F. Bennett,Wayne Owens,R,0.5538307586630612,0.3971474490394592,5.62364355083389e-09,7.134263668717722e-08,0.07306632896176471,0.0,ok
1992,VT,Patrick J. Leahy,James H. Douglas,D,0.5416201498570373,0.4334515064446925,1.1522369192107362e-07,8.390482308939795e-09,0.9321236228676549,1.0,ok
1992,WA,Patty Murray,Rod Chandler,D,0.5399188390852361,0.4600811609147639,1.8818587799174225e-08,4.908911499512669e-08,0.27712007658656296,0.0,ok
1994,AZ,Jon Kyl,Sam Coppersmith,R,0.5370569942630422,0.3954300931138634,2.3716870245493737e-08,2.948656696588614e-08,0.44577703036864785,0.0,ok
1994,CA,Dianne Feinstein,Michael Huffington,D,0.4673608650320662,0.4483186633355606,2.491760326961412e-07,6.590011381035765e-08,0.7908438498406023,1.0,ok
1994,CT,Joseph I. Lieberman,Jerry Labriola,D,0.4110473258347041,0.3101270395234072,5.967979710419513e-08,3.5019892541399145e-10,0.9941662677232019,1.0,ok
1994,FL,Connie Mack,Hugh E. Rodham,R,0.7049743645685611,0.2947726413844691,1.853248505767624e-07,6.4810981581509e-10,0.9965150320000985,1.0,ok
1994,HI,Daniel K. Akaka,Maria M. Hustace,D,0.7178132932849914,0.2418591097836381,6.1894795067019e-08,7.38227479146758e-10,0.9882134463716385,1.0,ok
1994,IN,Richard G. Lugar,James Jontz,R,0.6735207000922538,0.3050069708623138,5.4710959318526875e-08,1.1939415567319145e-09,0.9786433472193079,1.0,ok
1994,ME,Olympia J. Snowe,Thomas H. Andrews,R,0.6023531802717432,0.363552868390352,2.706660584550491e-08,1.7355453962863976e-08,0.6093055108715535,1.0,ok
1994,MD,Paul S. Sarbanes,William Brock,D,0.5909900000073041,0.4089603323640842,5.9120267792422965e-08,4.3863936483035104e-08,0.5740712200318645,1.0,ok
1994,MA,Edward M. Kennedy,W. Mitt Romney,D,0.5807472206867604,0.4101020897316216,2.6588824653117626e-07,5.62126756253889e-09,0.9792962409390978,1.0,ok
1994,MN,Rod Grams,Ann Wynia,R,0.4905176687842547,0.4409990473391771,3.272048232361158e-08,2.634017559621782e-08,0.5540148632957541,1.0,ok
1994,MS,Trent Lott,Ken Harper,R,0.6879515199355354,0.3120484800644647,1.0522639826149316e-07,6.200303381831418e-09,0.944355317976848,1.0,ok
1994,MO,John Ashcroft,Alan Wheat,R,0.5972280121411784,0.3569890643766379,3.201408649289306e-08,5.5588161629316346e-08,0.365448229687346,0.0,ok
1994,MT,Conrad R. Burns,Jack Mudd,R,0.6237160625251508,0.3762839374748492,2.777613417048741e-10,8.592465849943665e-09,0.031313892609919944,0.0,ok
1994,NE,J. Robert Kerrey,Jan Stoney,D,0.5478146770141832,0.4500444574891446,2.4288074662592862e-08,4.123995700489047e-09,0.854850574147258,1.0,ok
1994,NV,Richard H. Bryan,Hal Furman,D,0.5093001865818727,0.4100070953669881,4.725646896019953e-08,3.856194918938627e-09,0.9245550001452273,1.0,ok
1994,NY,Daniel Patrick Moynihan,Bernadette Castro,D,0.4745038271659154,0.321246973342897,3.811764912597937e-07,5.887010545713167e-09,0.9847905821183024,1.0,ok
1994,ND,Kent Conrad,Ben Clayburgh,D,0.5798298012657104,0.4201701987342895,8.742458490473837e-08,1.4457153391100874e-09,0.98373230049698,1.0,ok
1994,OH,Mike Dewine,Joel Hyatt,R,0.5343665948574348,0.3922777143482294,4.388934354837559e-10,3.813251403528284e-08,0.011378724922506259,0.0,ok
1994,PA,Rick Santorum,Harris Wofford,R,0.494025806058643,0.4692034208838773,4.680140541779565e-08,1.684820247760399e-07,0.21739436878935314,0.0,ok
1994,RI,John H. Chafee,Linda J. Kushner,R,0.6452337660833614,0.3547662339166387,7.19762951462144e-08,1.8393951639605888e-10,0.9974509573415874,1.0,ok
1994,TN,Bill Frist,Jim Sasser,R,0.5635173410267963,0.4209455474938715,1.3233174667171e-08,1.1154025258974798e-07,0.10605763549255387,0.0,ok
1994,TX,Kay Bailey Hutchison,Richard Fisher,R,0.6084706794955069,0.3830929872848684,9.736213613109612e-08,4.768720529568782e-08,0.6712345962648942,1.0,ok
1994,UT,Orrin G. Hatch,Patrick A. Shea,R,0.6880305177699382,0.2829517970206276,8.38289970772621e-08,1.2422090717167933e-09,0.9853980079988357,1.0,ok
1994,VT,James M. Jeffords,Jan Backus,R,0.5031605502853471,0.4056653690615669,5.246263867775269e-08,3.5549222454633878e-09,0.9365391461735336,1.0,ok
1994,WA,Slade Gorton,Ron Sims,R,0.5574850324055258,0.4425149675944742,9.115059995679076e-08,1.495069701373808e-08,0.8590903462952875,1.0,ok
1994,WV,Robert C. Byrd,Stan Klos,D,0.690116787350096,0.309883212649904,2.053625465237019e-07,1.7083645748039444e-09,0.9917498572554633,1.0,ok
1994,WI,Herb Kohl,Robert T. Welch,D,0.5829366873867866,0.4068584619079373,6.195988078161463e-08,2.542132837568545e-09,0.96058831817907,1.0,ok
1994,WY,Craig Thomas,Mike Sullivan,R,0.5887363045957067,0.3930742154578355,9.058468819489462e-08,6.321673318154808e-08,0.5889717233053426,1.0,ok
1996,AL,Jeff Sessions,Roger Bedford,R,0.5245029155131443,0.4546179687380159,3.790531311054224e-08,1.1856967407908314e-08,0.761727813026735,1.0,ok
1996,AR,Y. Tim Hutchinson,Winston Bryant,R,0.5270042059459952,0.4729957940540049,2.9944490220756848e-09,4.153212884716595e-08,0.06725082333677859,0.0,ok
1996,CO,Wayne Allard,Tom Strickland,R,0.5140548684195201,0.4573852717283696,4.412784448959428e-08,1.876792299349006e-08,0.7016027668548978,1.0,ok
1996,DE,Joseph R. Biden Jr.,Raymond J. Clatworthy,D,0.600400593633319,0.3813186932809852,1.810416350167543e-08,1.352685463640313e-10,0.9925837303481951,1.0,ok
1996,GA,Max Cleland,Guy W. Millner,D,0.488660265648736,0.4753707467696872,2.8160151099854147e-08,2.2489448497919895e-10,0.9920770081447619,1.0,ok
1996,ID,Larry E. Craig,Walt Minnick,R,0.5702195952400585,0.3990523557366466,6.643965733132973e-08,3.596242081904677e-09,0.9486514471573259,1.0,ok
1996,IL,Richard J. Durbin,Al Salvi,D,0.5608524857659475,0.406713024281522,2.3711868024633986e-08,5.4725618703344026e-08,0.30230275106680793,0.0,ok
1996,IA,Tom Harkin,Jim Lightfoot,D,0.51808662036152,0.4671419724946775,1.7639798244317717e-07,2.3117530112415352e-08,0.8841316656719916,1.0,ok
1996,KS,Pat Roberts,Sally Thompson,R,0.6202385251354177,0.3443694763850612,1.0993275623150112e-07,2.6240616790573768e-08,0.807299942652372,1.0,ok
1996,KY,Mitch Mcconnell,Steven L. Beshear,R,0.5545283027529253,0.4284562287784821,1.6957449333609986e-10,8.962594000294644e-10,0.15910030108034712,0.0,ok
1996,ME,Susan M. Collins,Joseph E. Brennan,R,0.4918149501381891,0.4387542705145383,1.616780309632304e-08,3.5883561677607645e-09,0.8183677242223744,1.0,ok
1996,MA,John F. Kerry,William F. Weld,D,0.5219738945562927,0.4472401955912927,9.344964624347085e-08,9.751652996214943e-08,0.48935182187891846,0.0,ok
1996,MI,Carl Levin,Ronna Romney,D,0.5835732178096118,0.3986913217676724,1.1301489877268978e-07,1.0002014549925775e-08,0.9186939886575174,1.0,ok
1996,MN,Paul Wellstone,Rudy Boschwitz,D,0.5031964286123308,0.412841603276368,1.079476170673388e-07,2.5256771785109322e-08,0.8103908437049585,1.0,ok
1996,MT,Max Baucus,Dennis Rehberg,D,0.4955581732067045,0.4469091266043338,1.1848183234519638e-07,7.214401298583084e-09,0.9426044751744229,1.0,ok
1996,NE,Chuck Hagel,Ben Nelson,R,0.574058265101528,0.425941734898472,9.194435435233572e-09,3.610442433910066e-08,0.20297277858731058,0.0,ok
1996,NH,Bob Smith,Dick Swett,R,0.4925194104982384,0.4622229721899759,1.889522920350828e-07,2.557872935682326e-08,0.8807690878882456,1.0,ok
1996,NJ,Robert G. Torricelli,Dick Zimmer,D,0.5268499784634186,0.4256512821722191,3.5085802707612856e-08,3.8810400226907404e-08,0.4747984512641676,0.0,ok
1996,NM,Pete V. Domenici,Art Trujillo,R,0.6472588031263762,0.2978429599453446,1.1255305665258675e-07,5.224526145042319e-09,0.955640742313252,1.0,ok
1996,NC,Jesse Helms,Harvey B. Gantt,R,0.5264448126625297,0.4591806000181501,5.374470504193596e-07,5.609088082891844e-09,0.9896712555384022,1.0,ok
1996,OK,James M. Inhofe,Jim Boren,R,0.5668004902167941,0.400762371635042,2.0938731637443198e-08,3.2026234997317715e-09,0.867338702341523,1.0,ok
1996,OR,Gordon Smith,Tom Bruggere,R,0.497956963160642,0.4590179601979077,1.0568697206281286e-07,1.2696574180903752e-08,0.8927505165729258,1.0,ok
1996,RI,Jack Reed,Nancy J. Mayer,D,0.6330800200894143,0.3495558098750998,6.120527373809637e-08,2.2406484445625097e-09,0.9646841220447273,1.0,ok
1996,SD,Tim Johnson,Larry Pressler,D,0.5132193277388617,0.4867806722611383,1.1099352192900369e-07,1.5888862492374756e-07,0.41126663331888413,0.0,ok
1996,TN,Fred Thompson,Houston Gordon,R,0.6136931989403283,0.3682185055749709,9.764149666580124e-08,8.707238263738759e-09,0.918125605635952,1.0,ok
1996,TX,Phil Gramm,Victor M. Morales,R,0.5477543767540893,0.4394033332965472,5.436371566247544e-07,7.197729356978044e-10,0.998677755537568,1.0,ok
1996,VA,John W. Warner,Mark R. Warner,R,0.5247955697398624,0.4739350622049802,4.599138136995862e-08,5.001617620070675e-09,0.9019156017662612,1.0,ok
1996,WY,Michael B. Enzi,Kathy Karpan,R,0.5406368292139835,0.4221350502423286,1.2575286367777494e-09,7.4049776310758375e-09,0.1451691459600343,0.0,ok
1998,AL,Richard C. Shelby,Clayton Suddith,R,0.6324183067175402,0.3669136890610443,4.5732109654750275e-08,9.369492959265813e-10,0.9799235442712309,1.0,ok
1998,AZ,John Mccain,Ed Ranger,R,0.687447694615506,0.2716169272066951,4.2890997697941913e-10,1.4585962992974544e-09,0.22723631829476545,0.0,ok
1998,AR,Blanche Lambert Lincoln,Fay Boozman,D,0.5506006440925131,0.4221702521720643,1.3297420942137705e-08,7.1919286082078315e-09,0.6489918535219413,1.0,ok
1998,CA,Barbara Boxer,Matt Fong,D,0.5305710303474354,0.4301153586331894,2.2572609736926097e-07,5.860291274473184e-08,0.7938904907338269,1.0,ok
1998,CO,Ben Nighthorse Campbell,Dottie Lamm,R,0.6248855703775141,0.3501670766669053,1.705345056279839e-07,8.294442910283806e-09,0.9536180077214463,1.0,ok
1998,CT,Christopher J. Dodd,Gary Franks,D,0.6514608738388544,0.3236816156656025,5.329447994029124e-08,1.746333744279127e-08,0.7531956455320712,1.0,ok
1998,FL,Bob Graham,Charlie Crist,D,0.6246937947705762,0.3753062052294238,1.5179632129047604e-07,6.1325053923866335e-09,0.9611691828452488,1.0,ok
1998,GA,Paul Coverdell,Michael J. Coles,R,0.5236970431932897,0.4514967048717953,7.578627148063788e-08,2.1111100645399006e-09,0.972898831479778,1.0,ok
1998,HI,Daniel K. Inouye,Crystal Young,D,0.7918437471742472,0.1782459736162602,6.535301366739077e-08,8.099394314953212e-10,0.9877584147387618,1.0,ok
1998,ID,Mike Crapo,Bill Mauk,R,0.6953571636336713,0.2839301485559557,9.678446044603106e-09,1.922534992315761e-09,0.8342782402455877,1.0,ok
1998,IN,Evan Bayh,Paul Helmke,D,0.6371856778569032,0.3479328245889349,4.585077384433589e-08,1.970843754861562e-08,0.6993795817572245,1.0,ok
1998,IA,Charles E. Grassley,David Osterberg,R,0.6841177457282202,0.3049339228426417,1.0351534385222294e-07,1.7955251729873112e-09,0.9829502387587602,1.0,ok
1998,KY,Jim Bunning,Scotty Baesler,R,0.4974768948170705,0.4915698603299767,7.006654989538674e-08,3.424601757728851e-08,0.6716980666182981,1.0,ok
1998,MD,Barbara A. Mikulski,Ross Z. Pierpont,D,0.705039712838992,0.294960287161008,3.3883218009123084e-08,5.365190514083906e-10,0.9844124593263204,1.0,ok
1998,NV,Harry Reid,John E. Ensign,D,0.4786378319842886,0.4777178202375052,1.0566632724362535e-07,2.840272572690594e-09,0.9738239648325658,1.0,ok
1998,NH,Judd Gregg,George Condodemetraky,R,0.6783594325952665,0.2824408317868673,7.377250810236546e-08,1.022126494554243e-09,0.9863342270463297,1.0,ok
1998,NC,John Edwards,Lauch Faircloth,D,0.511512849732847,0.4701171835202568,1.6581024198103478e-07,9.751376595090733e-08,0.6296814456199891,1.0,ok
1998,ND,Byron L. Dorgan,Donna Nalewaja,D,0.631553539122039,0.3515827857403987,3.634145251396603e-08,1.6617114732830895e-09,0.9562743914206556,1.0,ok
1998,OH,George V. Voinovich,Mary O. Boyle,R,0.5645971875402976,0.4353411266934578,1.1957935086570615e-07,5.373310026091094e-10,0.9955265913589073,1.0,ok
1998,OK,Don Nickles,Don E. Carroll,R,0.6638052466346327,0.3127764730788065,1.2085154921237518e-07,8.527364508958968e-10,0.9929933736823761,1.0,ok
1998,OR,Ron Wyden,John Lim,D,0.6105361946844858,0.3379467804431593,8.936446604934645e-08,5.197068109197289e-09,0.9450403575254629,1.0,ok
1998,PA,Arlen Specter,Bill Lloyd,R,0.6134169445196769,0.3478746738375904,1.897911374726391e-07,6.7834300399027825e-09,0.9654918226414514,1.0,ok
1998,SC,Ernest F. Hollings,Bob Inglis,D,0.5269820394120833,0.4566971263620572,6.31346708246383e-08,3.7178075729116244e-08,0.6293783491493412,1.0,ok
1998,SD,Tom Daschle,Ron Schmidt,D,0.6214313783091896,0.3640862077516777,1.657358978945922e-07,4.420645405289747e-09,0.9740201268810518,1.0,ok
1998,UT,Robert F. Bennett,Scott Leckman,R,0.6398186333245102,0.329701015742288,5.247432532939911e-08,1.022126494554243e-09,0.980893564718687,1.0,ok
1998,WA,Patty Murray,Linda Smith,D,0.584139988064987,0.4158600119350129,1.1325036552989332e-07,1.1569152746915279e-07,0.4946685992954779,0.0,ok
1998,WI,Russell D. Feingold,Mark W. Neumann,D,0.5054752401700101,0.4840155471605533,4.590191693409906e-08,2.1353275592161935e-08,0.6825036879669304,1.0,ok
2000,CA,Dianne Feinstein,Tom Campbell,D,0.5584281724250367,0.3658693920182296,2.019021039245672e-07,1.1195933780072664e-07,0.6432841919501578,1.0,ok
2000,CT,Joseph I. Lieberman,Phil Giordano,D,0.632141122171711,0.3417145785621627,8.079812019445853e-08,5.440834102699021e-10,0.9933111793612845,1.0,ok
2000,HI,Daniel K. Akaka,John Carroll,D,0.7268468822966064,0.2450676025611721,4.9019920567161535e-08,3.5556175248530053e-07,0.12116198985811481,0.0,ok
2000,IN,Richard G. Lugar,David L. Johnson,R,0.6656433009557577,0.3185111567217926,8.142691854118311e-08,1.410921646183283e-08,0.8523153939460978,1.0,ok
2000,ME,Olympia J. Snowe,Mark W. Lawrence,R,0.6894129840345771,0.3105870159654229,4.766596362060227e-08,1.7850506850436432e-08,0.7275416895614488,1.0,ok
2000,MI,Debbie Stabenow,Spencer Abraham,D,0.4947475636954328,0.4786093478753792,6.30236804965989e-08,1.2746484756576137e-07,0.3308528924952731,0.0,ok
2000,MN,Mark Dayton,Rod Grams,D,0.4883419025261208,0.4329263655601111,1.6788629153552392e-08,7.814440650122378e-08,0.17684706949227047,0.0,ok
2000,MO,Mel Carnahan,John Ashcroft,D,0.5046659321320502,0.483934101912867,7.100187815467507e-08,1.3835882128887533e-07,0.3391366113286185,0.0,ok
2000,MT,Conrad Burns,Brian Schweitzer,R,0.5055429894485193,0.4723749456391019,1.3754281624756004e-07,6.760583315390534e-09,0.9531502145073075,1.0,ok
2000,NE,Ben Nelson,Don Stenberg,D,0.5099920560410197,0.4881591680508413,2.4880699278639895e-08,4.00232202935058e-08,0.3833466367309772,0.0,ok
2000,NV,John Ensign,Ed Bernstein,R,0.5504331065155732,0.3965870807089497,2.8833293974628305e-08,8.45380476732771e-09,0.7732780223574928,1.0,ok
2000,NJ,Jon S. Corzine,Bob Franks,D,0.5011294369196548,0.4709635894208303,8.865752576525665e-09,3.77618647462441e-08,0.19013951571135146,0.0,ok
2000,NM,Jeff Bingaman,Bill Redmond,D,0.6170109545634967,0.3825395317594135,1.0980846454344828e-07,1.2785671188453307e-08,0.8957073181998362,1.0,ok
2000,NY,Hillary Rodham Clinton,Rick Lazio,D,0.5118660934970692,0.3914829484535312,4.4951072197818576e-07,7.891286912808937e-08,0.8506636144633849,1.0,ok
2000,ND,Kent Conrad,Duane Sand,D,0.6137254424617182,0.3862745575382817,9.126662092739934e-08,1.0771324214509104e-09,0.9883356222550128,1.0,ok
2000,OH,Mike Dewine,Ted Celeste,R,0.5991528953531524,0.3585384016951983,3.0187703448092407e-09,2.3112937119762478e-09,0.5663666163572962,1.0,ok
2000,PA,Rick Santorum,Ron Klink,R,0.5241607597364035,0.4550908573306335,8.821093189226303e-08,6.660889084741939e-08,0.5697651006911622,1.0,ok
2000,RI,Lincoln D. Chafee,Robert A. Weygand,R,0.5687652835164161,0.411452065015472,1.506049729371739e-08,1.1927068666039986e-08,0.5580531907240139,1.0,ok
2000,TN,Bill Frist,Jeff Clark,R,0.6509569312246677,0.3220718723766769,9.490912589171785e-08,1.8557396508356305e-08,0.8364504691267054,1.0,ok
2000,TX,Kay Bailey Hutchison,Gene Kelly,R,0.6507621932736053,0.3230752442100816,1.1559269808003592e-07,2.0994141181063242e-07,0.3550862861002741,0.0,ok
2000,UT,Orrin G. Hatch,Scott N. Howell,R,0.6558404269693284,0.3151458222901271,1.3178478397435356e-07,7.748239549965064e-10,0.9941549015789979,1.0,ok
2000,VT,James M. Jeffords,Ed Flanagan,R,0.6555736568457539,0.2542530329289428,8.33389783849725e-08,6.838388522112382e-09,0.9241673520013245,1.0,ok
2000,WI,Herb Kohl,John Gillespie,D,0.615427921056123,0.3703595512430105,5.728264795834548e-08,2.6473482961364425e-08,0.6839218494137179,1.0,ok
2000,WY,Craig Thomas,Mel Logan,R,0.7377269387201101,0.2203838827290214,1.0188077581574362e-07,7.741093530078125e-10,0.9924591084804656,1.0,ok
2002,AL,Jeff Sessions,Susan Parker,R,0.5857705301388076,0.3982770433318576,6.696330956401653e-08,1.1300112845447075e-08,0.8556143790093101,1.0,ok
2002,AK,Ted Stevens,Frank Vondersaar,R,0.7817014306376009,0.1051326955582274,1.696060323297388e-07,5.853155876645033e-10,0.9965608381693495,1.0,ok
2002,AR,Mark Pryor,Tim Hutchinson,D,0.5389562018651421,0.4610437981348578,3.689590855060487e-08,8.175074128757842e-08,0.3109730329590048,0.0,ok
2002,CO,Wayne Allard,Tom Strickland,R,0.5069572242285404,0.4576924217665361,7.112228672667698e-08,1.047220754557543e-08,0.8716554635336875,1.0,ok
2002,DE,Joseph R. Biden Jr.,Raymond J. Clatworthy,D,0.5821990926074193,0.4080382585638403,3.553347838192167e-08,3.895543054799333e-10,0.9891558625111139,1.0,ok
2002,GA,Saxby Chambliss,Max Cleland,R,0.5273429270664952,0.4589585371952408,6.016910170103529e-08,8.897125525209049e-08,0.40343943738813903,0.0,ok
2002,ID,Larry E. Craig,Alan Blinken,R,0.6516189198715439,0.3254851374637738,5.604250397084343e-08,1.2908744906336977e-09,0.9774847649785535,1.0,ok
2002,IL,Richard J. Durbin,Jim Durkin,D,0.6033426722277493,0.3802006452240144,5.982636608337089e-08,6.471587599143902e-09,0.9023863145137963,1.0,ok
2002,IA,Tom Harkin,Greg Ganske,D,0.5417765070986975,0.4377899958458568,1.6198103480746795e-07,4.154439814385569e-08,0.7958761342923089,1.0,ok
2002,KY,Mitch Mcconnell,Lois Combs Weinberg,R,0.6467520482837199,0.3532479517162801,7.700829557366617e-11,2.239064211817521e-09,0.03324951845329227,0.0,ok
2002,LA,Mary L. Landrieu,Suzanne Haik Terrell,D,0.2573527308070626,0.2404235282550292,5.450782225580042e-08,7.416147695948894e-09,0.8802378513243337,1.0,ok
2002,ME,Susan M. Collins,Chellie Pingree,R,0.5843564752554471,0.4156435247445528,4.7632891408966316e-08,7.958005365793497e-09,0.8568469690633466,1.0,ok
2002,MI,Carl Levin,Andrew Raczkowski,D,0.6060850283147566,0.3788546720067542,1.6523023305126117e-07,2.6482046777687174e-08,0.8618656728650075,1.0,ok
2002,MN,Norm Coleman,Walter F. Mondale,R,0.4952892617699708,0.473356231338451,4.134228426266873e-08,3.509940960100266e-08,0.5408342250552415,1.0,ok
2002,MT,Max Baucus,Mike Taylor,D,0.6273500399648432,0.3173024802702297,2.1485234924512042e-07,3.7269385799731936e-08,0.8521770215760981,1.0,ok
2002,NH,John E. Sununu,Jeanne Shaheen,R,0.5081888020396524,0.4640164603531372,2.6262651608988108e-08,3.9199587575922124e-08,0.40118779827870504,0.0,ok
2002,NJ,Frank R. Lautenberg,Douglas R. Forrester,D,0.5387630620788373,0.4394761157320539,3.501723533361201e-08,1.898135537636847e-10,0.994608649126745,1.0,ok
2002,NM,Pete V. Domenici,Gloria Tristani,R,0.650427693683548,0.3495723063164519,8.459918632297558e-08,3.416842186965141e-08,0.7123085798424578,1.0,ok
2002,NC,Elizabeth H. Dole,Erskine B. Bowles,R,0.5356358000515619,0.449550249422932,7.274224222975079e-09,2.6023291299637208e-09,0.7365144461868989,1.0,ok
2002,OK,James M. Inhofe,David Walters,R,0.5730216491363126,0.3630992592476218,4.1337703038379914e-08,1.5285620325045102e-08,0.7300472770392241,1.0,ok
2002,OR,Gordon Smith,Bill Bradbury,R,0.5620858555847796,0.3960619339483799,1.3687842681520124e-07,6.914056882578734e-09,0.9519164235516611,1.0,ok
2002,SC,Lindsey O. Graham,Alex Sanders,R,0.5440234579005396,0.4418838493007602,4.549364995831695e-09,2.843879443048536e-08,0.13790902781324427,0.0,ok
2002,SD,Tim Johnson,John Thune,D,0.4962385296636158,0.4946622380378132,1.3800701026411843e-07,4.074724202496327e-08,0.772048823996272,1.0,ok
2002,TN,Lamar Alexander,Bob Clement,R,0.542791421501773,0.4433863928613178,6.630058990708676e-08,3.061736641996049e-08,0.6840898469150243,1.0,ok
2002,TX,John Cornyn,Ron Kirk,R,0.5529987514432837,0.4332638016912671,4.0987466753961144e-08,2.2884078632046112e-08,0.6417171606895319,1.0,ok
2004,AL,Richard C. Shelby,Wayne Sowell,R,0.6754515607378963,0.3235435813614084,5.9390711015794295e-08,1.014365397233874e-10,0.9982949591855172,1.0,ok
2004,AK,Lisa Murkowski,Tony Knowles,R,0.4857791544362097,0.455456270372833,5.291766669301978e-08,2.329524395605631e-08,0.6943399253793135,1.0,ok
2004,AR,Blanche L. Lincoln,Jim Holt,D,0.5589777832085276,0.4406950889450993,9.756614183231704e-09,8.44773362373985e-09,0.535949669094726,1.0,ok
2004,CA,Barbara Boxer,Bill Jones,D,0.5770810388362684,0.3779814565228844,1.4476087528692005e-07,9.927535060683113e-08,0.5931942061337493,1.0,ok
2004,CO,Ken Salazar,Pete Coors,D,0.5130260330860861,0.4653290767326921,3.602831277760288e-08,1.2918486724800005e-08,0.7360708594610805,1.0,ok
2004,FL,Mel Martinez,Betty Castor,R,0.4943359891810031,0.4832102584505243,6.773423244510468e-08,9.183759086539567e-09,0.8806032385445043,1.0,ok
2004,GA,Johnny Isakson,Denise L. Majette,R,0.5787683938526803,0.399781929790955,2.8026545528803126e-08,9.826751412589374e-09,0.740399061466061,1.0,ok
2004,HI,Daniel K. Inouye,Cam Cavasso,D,0.7551011563824946,0.2098775240943115,6.22368538927276e-08,1.014365397233874e-10,0.9983728052370429,1.0,ok
2004,IL,Barack Obama,Alan Keyes,D,0.6996872520188583,0.2704822698346014,1.0240264103344998e-07,3.9845884813871635e-08,0.719885428854011,1.0,ok
2004,IN,Evan Bayh,Marvin Scott,D,0.6164877917399195,0.3722513449080051,6.34508374730558e-08,4.8533972396569425e-09,0.9289444166958271,1.0,ok
2004,IA,Charles E. Grassley,Arthur Small,R,0.7018356872638971,0.2787704126747195,1.154789615043228e-07,1.0601932109999268e-09,0.9909026866241675,1.0,ok
2004,KS,Sam Brownback,Lee Jones,R,0.6916277982182809,0.274872411697912,9.079823115598629e-08,1.3330549819556836e-07,0.40516162501494934,0.0,ok
2004,KY,Jim Bunning,Daniel Mongiardo,R,0.5065682263932979,0.4934317736067021,7.268059221132717e-08,3.134751791478152e-09,0.9586528052769614,1.0,ok
2004,LA,David Vitter,Christopher John,R,0.5102734982056821,0.293362322353868,2.264817489106008e-08,6.526628126835021e-08,0.2576160495151495,0.0,ok
2004,MO,Christopher S. Bond,Nancy Farmer,R,0.5609251692837945,0.4279707892619057,4.136260223219779e-08,1.537969485099211e-08,0.7289553711855561,1.0,ok
2004,NV,Harry Reid,Richard Ziser,D,0.6108190917305708,0.3513779090150457,1.2211973654530084e-07,5.820164350467394e-10,0.9952566575382182,1.0,ok
2004,NY,Charles E. Schumer,Howard Mills,D,0.5887505575458477,0.2181939730535843,5.867144281523906e-08,5.595663044033472e-09,0.9129311493147606,1.0,ok
2004,NC,Richard Burr,Erskine Bowles,R,0.5159584364654982,0.4701867640222782,2.7825739934428384e-08,2.7616161801802264e-08,0.5018900698394438,1.0,ok
2004,OH,George V. Voinovich,Eric D. Fingerhut,R,0.6384941049496086,0.3614513411145185,5.429134652956691e-08,5.789964202529418e-10,0.9894479168686362,1.0,ok
2004,OK,Tom Coburn,Brad Carson,R,0.5276532540436232,0.4124488715454167,1.9019562369493315e-08,2.6427423804875616e-08,0.4184999704165183,0.0,ok
2004,OR,Ron Wyden,Al King,D,0.6339209794726348,0.3174603352896576,1.317749216411812e-07,5.5626518946638726e-09,0.9594965037502136,1.0,ok
2004,PA,Arlen Specter,Joseph M. Hoeffel,R,0.5261782247322185,0.4198744222316362,1.7453236722531074e-07,1.1583618508836935e-08,0.9377612919000776,1.0,ok
2004,SC,Jim Demint,Inez Tenenbaum,R,0.5366614889235741,0.4410059722480483,2.1663824692486067e-09,7.8240627310322e-09,0.21684543839825227,0.0,ok
2004,SD,John Thune,Tom Daschle,R,0.5057619354376923,0.4942380645623076,2.934058329628897e-08,2.9040575100225396e-07,0.09176206307620732,0.0,ok
2004,UT,Robert F. Bennett,R. Paul Van Dam,R,0.6873117581378616,0.284027218703865,5.4169522201164e-08,3.8263631846335855e-11,0.9992941303309416,1.0,ok
2004,WA,Patty Murray,George R. Nethercutt,D,0.5498048534564939,0.4273618833974124,7.787561173699942e-08,1.0969978703201377e-08,0.8765275952486924,1.0,ok
2006,AZ,Jon Kyl,Jim Pederson,R,0.5334081748409399,0.4349939939035173,4.580986789903818e-08,4.110123685840961e-09,0.9176657776704048,1.0,ok
2006,CT,Ned Lamont,Alan Schlesinger,D,0.3972974425812296,0.0962285982179758,1.9937789308421827e-08,2.9453948169333444e-09,0.8712856217562062,1.0,ok
2006,DE,Thomas R. Carper,Jan Ting,D,0.7020026998995769,0.2870042638657952,2.0337525441505022e-08,1.8891854053348922e-09,0.9150038249764928,1.0,ok
2006,FL,Bill Nelson,Katherine Harris,D,0.6030098044574211,0.3809563048890443,1.778441856004065e-07,7.456561945673457e-08,0.7045850915345613,1.0,ok
2006,HI,Daniel K. Akaka,Cynthia Thielen,D,0.6134895957904808,0.3677991611296166,4.48774315486844e-08,4.5425602168691626e-10,0.989979282792379,1.0,ok
2006,MD,Benjamin L. Cardin,Michael S. Steele,D,0.5420559540833141,0.4419542775718234,2.555826483785495e-08,6.3002043582116585e-09,0.8022439710006685,1.0,ok
2006,MI,Debbie Stabenow,Michael Bouchard,D,0.5690997851403465,0.4125763000437549,5.513724588013247e-08,3.0239933890285897e-09,0.9480067236010219,1.0,ok
2006,MN,Amy Klobuchar,Mark R. Kennedy,D,0.5805634900025968,0.3793642737423573,5.581145323674264e-09,4.854452673175302e-09,0.534817968779477,1.0,ok
2006,MT,Jon Tester,Conrad Burns,D,0.4916175692795906,0.4828550694333403,1.17080197759023e-08,8.420153108090744e-08,0.12207355441985172,0.0,ok
2006,NE,E. Benjamin Nelson,Pete Ricketts,D,0.638827922933029,0.361172077066971,2.2903268614982153e-08,3.8961473491916365e-09,0.8546181993518025,1.0,ok
2006,NV,John Ensign,Jack Carter,R,0.5535813599005788,0.4098995488969604,6.151110198970855e-08,4.0325259575979544e-08,0.604019046281732,1.0,ok
2006,NY,Hillary Rodham Clinton,John Spencer,D,0.5741634316406815,0.258029558578506,3.1466990435546904e-07,1.1617928663554267e-07,0.7303481378987517,1.0,ok
2006,OH,Sherrod Brown,Mike Dewine,D,0.5616413169069943,0.4381521761847276,5.678928438612729e-08,2.516864383572681e-09,0.9575614934406503,1.0,ok
2006,RI,Sheldon Whitehouse,Lincoln Chafee,D,0.5351863540376058,0.4648136459623941,9.938251777086293e-09,5.11465607644368e-08,0.16269595278418272,0.0,ok
2006,UT,Orrin G. Hatch,Pete Ashdown,R,0.6236091952413295,0.3106492406153501,6.721767853434812e-08,5.230658683963441e-10,0.9922784157008001,1.0,ok
2006,WV,Robert C. Byrd,John R. Raese,D,0.7704902160126258,0.2295097839873742,1.8510785793068862e-07,1.1126671459193993e-10,0.9993992698388731,1.0,ok
2006,WY,Craig Thomas,Dale Groutage,R,0.6889075758734041,0.2939173865402747,6.862393320261617e-08,1.734230363481526e-10,0.9974792194667222,1.0,ok
2008,AL,Jeff Sessions,Vivian Davis Figures,R,0.6336223194839702,0.3652044883217138,4.975114720195961e-08,9.450665250376744e-10,0.9813582424492897,1.0,ok
2008,AK,Mark Begich,Ted Stevens,D,0.4776708012954681,0.4652291461430239,8.204379398080164e-09,1.373705629248434e-07,0.056358458860871055,0.0,ok
2008,CO,Mark Udall,Bob Schaffer,D,0.5279563016459364,0.4249211171112286,4.660224206531893e-08,1.0258142779662194e-08,0.8195906902911572,1.0,ok
2008,DE,Joseph R. Biden Jr.,Christine O'Donnell,D,0.6468651258119126,0.3531348741880874,1.037523622571257e-08,1.639284208376779e-09,0.8635580822913611,1.0,ok
2008,GA,Saxby Chambliss,Jim Martin,R,0.5743958247971427,0.4256041752028573,5.3016080414636235e-08,3.787734570437351e-08,0.5832773906577198,1.0,ok
2008,IA,Tom Harkin,Christopher Reed,D,0.6265578028874497,0.3726124778597368,1.1581131076354723e-07,1.5403643693900904e-08,0.8826075598045026,1.0,ok
2008,KS,Pat Roberts,Jim Slattery,R,0.6005839645161024,0.3645846583353294,6.625616144617652e-08,7.228817766602447e-09,0.9016286342591037,1.0,ok
2008,KY,Mitch Mcconnell,Bruce Lunsford,R,0.5296561957018493,0.4703438042981507,6.679181860369532e-11,2.6285739140874398e-09,0.02478024328706158,0.0,ok
2008,LA,Mary L. Landrieu,John Kennedy,D,0.5210964613033818,0.4572334114039315,2.938942333940986e-08,6.459269741299067e-07,0.04351948723523359,0.0,ok
2008,ME,Susan M. Collins,Thomas H. Allen,R,0.613309774581395,0.3858343801333462,5.2688211127360773e-08,6.0101581489391265e-09,0.8976094528171876,1.0,ok
2008,MI,Carl Levin,Jack Hoogendyk,D,0.6266496446411556,0.3384612528925756,1.3670202747562143e-07,1.0329130051278668e-09,0.9925007191238288,1.0,ok
2008,MN,Al Franken,Norm Coleman,D,0.4199368620668877,0.4198288155819654,7.161202475458595e-08,7.321833450646409e-08,0.49445451298997734,0.0,ok
2008,MS,Thad Cochran,Erik Fleming,R,0.6143504626206671,0.3856495373793329,6.094952809121423e-08,9.335120176867662e-10,0.9849148972635478,1.0,ok
2008,MT,Max Baucus,Bob Kelleher,D,0.7291597754041594,0.2708402245958405,1.2978582830669438e-07,9.661211830547245e-10,0.9926110380240987,1.0,ok
2008,NE,Mike Johanns,Scott Kleeb,R,0.5752021107593459,0.4005698343619205,3.838228579411407e-08,1.3642497409538379e-09,0.9656762602680131,1.0,ok
2008,NH,Jeanne Shaheen,John E. Sununu,D,0.5158962387033724,0.452517102363746,1.5984839674132445e-08,2.7639501354315144e-08,0.3664201979282317,0.0,ok
2008,NJ,Frank R. Lautenberg,Dick Zimmer,D,0.560301167714063,0.4195400070927179,5.188933549504782e-08,2.532844267655321e-09,0.9534593381099531,1.0,ok
2008,NM,Tom Udall,Steve Pearce,D,0.6132799125842288,0.3867200874157712,3.053644981321213e-08,1.523325554586563e-08,0.6671760190205303,1.0,ok
2008,NC,Kay Hagan,Elizabeth Dole,D,0.5265278080136331,0.4418359679492131,6.6750773797252805e-09,1.0197728883554191e-07,0.06143517727446729,0.0,ok
2008,OK,James M. Inhofe,Andrew Rice,R,0.5667985081885539,0.3918388439723526,2.6276930853441627e-08,6.9515937450859155e-09,0.7907943903896967,1.0,ok
2008,OR,Jeff Merkley,Gordon H. Smith,D,0.489046700884411,0.4555344712091175,6.439378807954199e-09,2.958828027033178e-08,0.17873431060180203,0.0,ok
2008,SC,Lindsey Graham,Bob Conley,R,0.5752464290695195,0.422468688399412,8.424247610605562e-08,7.341855179365808e-10,0.9913601510825969,1.0,ok
2008,TN,Lamar Alexander,Robert D. Tuke,R,0.6514422055733249,0.3164401330536978,8.530222928015974e-08,7.06516442572358e-11,0.9991724345776759,1.0,ok
2010,AL,Richard C. Shelby,William G. Barnes,R,0.6517547302286976,0.3471015463490719,1.4345069576648939e-08,1.1116626022489307e-10,0.9923101517241896,1.0,ok
2010,AR,John Boozman,Blanche L. Lincoln,R,0.5790293567465898,0.369451136408802,1.744441835427324e-08,7.561360870766975e-09,0.6976154670998934,1.0,ok
2010,CA,Barbara Boxer,Carly Fiorina,D,0.5218357506279899,0.4217298523223628,1.0967023555963351e-07,6.06427104088425e-08,0.6439336418966816,1.0,ok
2010,CO,Michael F. Bennet,Ken Buck,D,0.4805037110263242,0.4642202217926452,7.840304405704046e-09,2.020968115079569e-09,0.7950601090457466,1.0,ok
2010,FL,Marco Rubio,Kendrick B. Meek,R,0.4889468068080721,0.2019801497143098,9.409302892393612e-09,3.700391437710948e-09,0.7177362534522622,1.0,ok
2010,IN,Dan Coats,Brad Ellsworth,R,0.5457875436877788,0.3999900256867228,9.510093601505787e-09,9.258295907699221e-09,0.5067080261117521,1.0,ok
2010,IA,Chuck Grassley,Roxanne Conlin,R,0.6435254999045753,0.3330331710665078,3.217520294640508e-08,5.218525472860946e-10,0.9840397693490539,1.0,ok
2010,KS,Jerry Moran,Lisa Johnston,R,0.7009437836340803,0.2637854963399436,1.3806082943546016e-08,1.1466168292617596e-09,0.9233170700486517,1.0,ok
2010,KY,Rand Paul,Jack Conway,R,0.55726585728444,0.4424848978243428,1.1544807998475903e-08,3.017823768658445e-08,0.2767009888400769,0.0,ok
2010,MO,Roy Blunt,Robin Carnahan,R,0.5422915490979727,0.406263905686458,2.344097005391177e-08,6.0848310834416e-09,0.7939147847289528,1.0,ok
2010,NV,Harry Reid,Sharron Angle,D,0.5028874250766561,0.4454660633985949,2.5135497594419576e-07,5.2469045774827805e-09,0.9795523533700701,1.0,ok
2010,NH,Kelly Ayotte,Paul W. Hodes,R,0.6008620879241714,0.3684656154472081,4.8222181803225794e-09,3.703479523053943e-09,0.5656098008744533,1.0,ok
2010,NY,Charles E. Schumer,Jay Townsend,D,0.6397868636593681,0.2602080774592408,4.175320356125667e-08,1.1539107447333663e-09,0.9731067734710774,1.0,ok
2010,NC,Richard Burr,Elaine Marshall,R,0.5481213151940224,0.4304661628470432,2.4435031775738025e-08,3.004111182036695e-09,0.8905173100100235,1.0,ok
2010,ND,John Hoeven,Tracy Potter,R,0.7616901573779838,0.2220018949080634,6.711805999870535e-09,1.3940381071719798e-09,0.8280206121949949,1.0,ok
2010,OH,Rob Portman,Lee Fisher,R,0.5684629857476794,0.3940388949379544,1.2495240397925045e-08,7.200813501029302e-09,0.6344032394523662,1.0,ok
2010,OK,Thomas A. Coburn,Jim Rogers,R,0.7063670979038511,0.2613318966407151,1.0740924816232678e-09,4.558846811164585e-08,0.023018292780490942,0.0,ok
2010,OR,Ron Wyden,Jim Huffman,D,0.5722403070038015,0.3924883611952962,3.591715724837741e-08,6.751148390327089e-10,0.9815503438152181,1.0,ok
2010,PA,Pat Toomey,Joe Sestak,R,0.5100849469072402,0.4899150530927598,7.3679116141533996e-09,1.7246550410021655e-08,0.29933262839208175,0.0,ok
2010,WA,Patty Murray,Dino Rossi,D,0.523648258488133,0.4763517415118669,5.624155541283926e-08,5.168836914037911e-09,0.9158312344509206,1.0,ok
2010,WI,Ron Johnson,Russell D. Feingold,R,0.5185754728321016,0.47019915434358,3.127587344664562e-08,1.6547299086511202e-08,0.6539899339585091,1.0,ok
2012,AZ,Jeff Flake,Richard Carmona,R,0.4923090706964628,0.4620361216035146,8.505249837753581e-09,5.943634251437402e-09,0.5886440631160053,1.0,ok
2012,DE,Thomas R. Carper,Kevin Wade,D,0.6641917288529201,0.2895351921642818,9.400798806069588e-09,2.8967507281763005e-09,0.7644448822824819,1.0,ok
2012,FL,Bill Nelson,Connie Mack,D,0.5523175610681682,0.4222576070709135,5.4772863578023134e-08,2.059733574810707e-07,0.21006196506146016,0.0,ok
2012,HI,Mazie K. Hirono,Linda Lingle,D,0.6164553400479001,0.3682733284685892,6.964317122992725e-09,9.287289604031912e-09,0.4285309901950698,0.0,ok
2012,IN,Joe Donnelly,Richard E. Mourdock,D,0.5004413886634205,0.4428030601905705,1.1450293602166539e-08,1.4520376567794813e-10,0.9874775733138784,1.0,ok
2012,MA,Elizabeth A. Warren,Scott P. Brown,D,0.5327391906779608,0.4579014608397221,1.3215662245102955e-10,4.127999941871963e-09,0.03102154121700252,0.0,ok
2012,MI,Debbie Stabenow,Pete Hoekstra,D,0.5879807037218365,0.3798446480251747,2.0119201415980115e-08,3.6479693710234073e-09,0.8465122582861984,1.0,ok
2012,MT,Jon Tester,Denny Rehberg,D,0.4857838235959725,0.4486036875650632,1.2549719485832611e-08,6.082630843451398e-09,0.6735446287797908,1.0,ok
2012,NE,Deb Fischer,Bob Kerrey,R,0.5777443277215016,0.4222556722784983,3.315399066394775e-10,2.2557231638131725e-08,0.014484827461839723,0.0,ok
2012,NV,Dean Heller,Shelley Berkley,R,0.4586627647686672,0.4470612995525178,7.153799996828525e-09,6.1998810529928505e-09,0.5357174527486724,1.0,ok
2012,NJ,Robert Menendez,Joe Kyrillos,D,0.5886546099402099,0.3937436197839929,1.944367777895195e-08,1.6576995331973876e-10,0.9915464241735412,1.0,ok
2012,NM,Martin Heinrich,Heather A. Wilson,D,0.5100806529576833,0.4527754181850055,9.145553647726956e-09,9.322505684083993e-10,0.9074946736000494,1.0,ok
2012,NY,Kirsten E. Gillibrand,Wendy Long,D,0.6210867000495178,0.2128321165585724,7.88141663043973e-09,5.380107054309136e-10,0.9360988955699232,1.0,ok
2012,ND,Heidi Heitkamp,Rick Berg,D,0.5023821089604663,0.4932397927409511,1.0049520382526822e-09,5.878900255495978e-09,0.14598686830705182,0.0,ok
2012,OH,Sherrod Brown,Josh Mandel,D,0.5070069506101833,0.4470001750774176,3.0210452806045396e-08,5.753428844457176e-10,0.981311417439718,1.0,ok
2012,TX,Ted Cruz,Paul Sadler,R,0.5645565786485696,0.406230045638668,2.543691257628211e-09,1.928275983331673e-09,0.5688081152137915,1.0,ok
2012,UT,Orrin G. Hatch,Scott Howell,R,0.653100950341692,0.2998040522355226,1.7466141422062265e-08,2.3344802757563343e-09,0.8821006576771516,1.0,ok
2012,VA,Timothy M. Kaine,George F. Allen,D,0.5286594904628799,0.4696080896408286,1.522747650195555e-09,6.447894995709191e-10,0.7025243605903653,1.0,ok
2012,WA,Maria Cantwell,Michael Baumgartner,D,0.6045099118171301,0.3954900881828699,2.3383114999830923e-08,2.2688912970636466e-09,0.9115511172575098,1.0,ok
2012,WI,Tammy Baldwin,Tommy G. Thompson,D,0.5140886372781917,0.4586033612557407,9.506833542616278e-09,5.3544471079192135e-09,0.6397048656956573,1.0,ok
2014,AK,Dan Sullivan,Mark Begich,R,0.479621104815864,0.4583250708215297,2.2568844570969304e-08,1.5781982831697405e-08,0.5884839024203162,1.0,ok
2014,AR,Tom Cotton,Mark L. Pryor,R,0.564974837906561,0.3943032784467348,4.631777628105738e-09,4.3764932788903366e-09,0.5141694422742737,1.0,ok
2014,CO,Cory Gardner,Mark Udall,R,0.4820495056975353,0.4626046883528052,3.6820901883061197e-09,1.4337407261422186e-08,0.2043392274717205,0.0,ok
2014,DE,Christopher A. Coons,Kevin Wade,D,0.5582640425913741,0.422251941992326,7.831558068716049e-09,1.3137205767677074e-09,0.8563498579218835,1.0,ok
2014,IA,Joni Ernst,Bruce Braley,R,0.5210011507479861,0.4376117553332743,3.668116452942849e-10,2.2154273970897975e-09,0.14205177726521467,0.0,ok
2014,LA,Bill Cassidy,Mary L. Landrieu,R,0.486031807033583,0.4431248674848851,7.14928360956435e-09,7.644534560924399e-09,0.48326155744066146,0.0,ok
2014,ME,Susan M. Collins,Shenna Bellows,R,0.6701907305719972,0.3083553215904155,1.1090808271774222e-08,1.7086200509996985e-10,0.9848280050028783,1.0,ok
2014,MI,Gary C. Peters,Terri Lynn Land,D,0.5461438395064853,0.4132907250403697,1.028100382605146e-09,4.165598560534889e-10,0.7116554848631647,1.0,ok
2014,MS,Thad Cochran,Travis W. Childers,R,0.5989969265246305,0.3789443197680491,2.0784155729813847e-08,3.5746458570962147e-10,0.9830919021165493,1.0,ok
2014,MT,Steve Daines,Amanda Curtis,R,0.5778636439839275,0.4006857278828422,5.280775372540347e-09,7.487645781178998e-10,0.875817295474399,1.0,ok
2014,NH,Jeanne Shaheen,Scott P. Brown,D,0.5145536597706895,0.4821113612572952,1.374955838073788e-08,1.8597174356038693e-09,0.8808581860244353,1.0,ok
2014,NJ,Cory A. Booker,Jeff Bell,D,0.5583559548229907,0.4232587247631095,3.678981008725657e-09,1.2120953130079215e-08,0.23284786989649692,0.0,ok
2014,NC,Thom Tillis,Kay R. Hagan,R,0.4882064541977257,0.4725619931663534,9.89916273952396e-10,3.1628719643350678e-09,0.23837388692870595,0.0,ok
2014,OK,James M. Inhofe,Matt Silverstein,R,0.6800823166608385,0.2854850481216181,6.946744290914353e-09,2.979111540790669e-10,0.9588784923808978,1.0,ok
2014,SD,Mike Rounds,Rick Weiland,R,0.5037042074069832,0.2951054357006857,5.850704642984539e-10,1.4716360421940244e-10,0.7990210910053911,1.0,ok
2014,TN,Lamar Alexander,Gordon Ball,R,0.6186657836419674,0.3186515921735871,3.600520948054964e-08,2.8465054757731423e-09,0.9267341099621164,1.0,ok
2014,WV,Shelley Moore Capito,Natalie Tennant,R,0.6211744168362028,0.3446413732755257,6.703630761606405e-09,2.361785489402024e-10,0.965967573693808,1.0,ok
2014,WY,Michael B. Enzi,Charlie Hardy,R,0.7102066572014514,0.1716417474423469,4.640307027514723e-09,8.391687345010723e-10,0.8468523685571778,1.0,ok
2016,AK,Lisa Murkowski,Ray Metcalfe,R,0.4435800039172748,0.1162338934180149,2.109978769482268e-08,1.7795591389369037e-10,0.9916365232533025,1.0,ok
2016,AZ,John Mccain,Ann Kirkpatrick,R,0.5371047089179802,0.4074891434487282,1.8506100540882642e-09,4.376203843747817e-09,0.2972001547583398,0.0,ok
2016,AR,John Boozman,Conner Eldridge,R,0.5977163433322318,0.3617101962760107,7.36560012981613e-09,7.116045599997456e-11,0.9904312563005327,1.0,ok
2016,CO,Michael F. Bennet,Darryl Glenn,D,0.4997078041270525,0.4430578963428305,3.2187363885327613e-09,1.7784636263673548e-10,0.9476396202696665,1.0,ok
2016,CT,Richard Blumenthal,Dan Carter,D,0.5768213015794261,0.3461938912819587,1.618489564592096e-08,3.2543693961883946e-08,0.3321437327898489,0.0,ok
2016,FL,Marco Rubio,Patrick Murphy,R,0.5198112842432986,0.4431485451234274,1.2102218249765428e-07,5.8922502432778856e-08,0.672552137588513,1.0,ok
2016,GA,Johnny Isakson,Jim Barksdale,R,0.5478385217276436,0.4103329267776551,8.468203915867889e-09,3.4503508938854566e-09,0.7105059339021607,1.0,ok
2016,HI,Brian Schatz,John Carroll,D,0.7005465379834759,0.2116989288586678,6.014208686622169e-09,1.5557169064095433e-07,0.03721988559428573,0.0,ok
2016,ID,Mike Crapo,Jerry Sturgill,R,0.6613471233962203,0.2772677529630617,6.902454607882191e-09,3.563500189374125e-11,0.9948638596648376,1.0,ok
2016,IL,Tammy Duckworth,Mark Kirk,D,0.5486174310499978,0.3978041755479637,8.861722466946276e-09,1.4658835034708773e-08,0.3767649838369142,0.0,ok
2016,IN,Todd C. Young,Evan Bayh,R,0.5211224257523935,0.4241271693138926,1.0846163134292652e-09,1.2734873156006188e-08,0.07848454285001698,0.0,ok
2016,IA,Chuck Grassley,Patty Judge,R,0.6008990056040222,0.356552345305366,2.5085649113520958e-08,1.42540007574965e-10,0.9943499707057543,1.0,ok
2016,KS,Jerry Moran,Patrick Wiesner,R,0.6217525438866071,0.3223812782170636,7.8655859603316e-09,1.4221136074299423e-10,0.9822408890933431,1.0,ok
2016,KY,Rand Paul,Jim Gray,R,0.5727328845027359,0.4272450504737413,1.2913812241777123e-07,1.9071659806968455e-08,0.8713198311158105,1.0,ok
2016,LA,John Kennedy,Foster Campbell,R,0.2684689402959516,0.1741502429879963,5.206529181123187e-07,7.833127479983659e-10,0.9984977784403167,1.0,ok
2016,MO,Roy Blunt,Jason Kander,R,0.4918432176553724,0.463920229412514,1.5762534388841232e-08,6.055759435574792e-10,0.9630026966302387,1.0,ok
2016,NV,Catherine Cortez Masto,Joseph J. Heck,D,0.4709887448637275,0.4467036724912342,1.4976611062422762e-09,2.3940537330346956e-09,0.38483320800568255,0.0,ok
2016,NH,Maggie Hassan,Kelly Ayotte,D,0.4798130259490759,0.4784371025786725,3.201453657730724e-09,1.4515746826759823e-08,0.1806974900201216,0.0,ok
2016,NY,Charles E. Schumer,Wendy Long,D,0.613304532591522,0.2209957407805043,1.2572631380436405e-08,6.408822916803558e-10,0.9514979658262472,1.0,ok
2016,ND,John Hoeven,Eliot Glassheim,R,0.7847801904228017,0.1696812564050908,6.582616007833053e-09,3.207150101047773e-10,0.9535419916455663,1.0,ok
2016,OH,Rob Portman,Ted Strickland,R,0.5802887667737717,0.3715755604034413,1.821904849208522e-08,5.370040079277771e-09,0.7723506754815035,1.0,ok
2016,OK,James Lankford,Mike Workman,R,0.677389615116084,0.2457869116126755,6.475491920454601e-09,3.9088954989496827e-10,0.9430719729769007,1.0,ok
2016,OR,Ron Wyden,Mark Callahan,D,0.5660084262153018,0.3334767408390773,3.2197313259985094e-08,1.3524868447412075e-09,0.9596871861972531,1.0,ok
2016,SC,Tim Scott,Thomas Dixon,R,0.6056945411297078,0.3436959880344974,2.4051357350174385e-08,8.373997317789872e-08,0.2231288660446627,0.0,ok
2016,SD,John R. Thune,Jay Williams,R,0.7182786157941438,0.2817213842058562,3.3672364896375484e-10,2.0458357674613126e-08,0.016192466080043023,0.0,ok
2016,VT,Patrick J. Leahy,Scott Milne,D,0.5998839194051182,0.3233936723594005,1.1561522406111635e-08,1.1032609270600346e-09,0.9128875008725679,1.0,ok
2016,WA,Patty Murray,Chris Vance,D,0.5901301044578745,0.4098698955421255,2.7014320558294003e-08,5.335390879102064e-10,0.9806322852387654,1.0,ok
2016,WI,Ron Johnson,Russ Feingold,R,0.5017297212607007,0.468109949297005,4.953392185313987e-08,2.174351720896084e-08,0.6949453081497958,1.0,ok
2018,FL,Rick Scott,Bill Nelson,R,0.5005497554641297,0.4993247256869806,2.9117657618371595e-08,3.3248646502670454e-08,0.46688124346537085,0.0,ok
2018,HI,Mazie K. Hirono,Ron Curtis,D,0.7115109784705074,0.2884890215294926,4.7834666228041556e-09,3.4734394527280443e-10,0.9323023252049257,1.0,ok
2018,IN,Mike Braun,Joe Donnelly,R,0.507323997345092,0.4484222793217279,9.259244759807217e-10,7.534601165204435e-09,0.10944053776911873,0.0,ok
2018,MD,Ben Cardin,Tony Campbell,D,0.6485591261143473,0.3030654957695784,6.516047035276529e-09,7.593633055691384e-09,0.46181394569304746,0.0,ok
2018,MI,Debbie Stabenow,John James,D,0.5226189214709184,0.457562898384361,1.2476688127094349e-08,2.7919944045606826e-07,0.0427758287512274,0.0,ok
2018,NV,Jacky Rosen,Dean Heller,D,0.5041198108898791,0.4538498886982426,1.5029195665761108e-09,8.992150357656215e-09,0.1432024348028385,0.0,ok
2018,ND,Kevin Cramer,Heidi Heitkamp,R,0.5510550748456176,0.4426837719002385,3.7132104058201776e-09,8.724752698086036e-09,0.2985384644414987,0.0,ok
2018,OH,Sherrod Brown,Jim Renacci,D,0.5341141418368777,0.4656564264238257,1.5227508587400962e-08,6.36634217565657e-10,0.9598696112741532,1.0,ok
2018,TN,Marsha Blackburn,Phil Bredesen,R,0.5470700705072781,0.4391997290238619,6.667034035956476e-09,3.0543803042348827e-09,0.6858090605595194,1.0,ok
2018,TX,Ted Cruz,Beto O'Rourke,R,0.508926012837366,0.4832535502239402,2.714165958650483e-07,3.854684682558229e-09,0.9859967786145726,1.0,ok
2018,UT,Mitt Romney,Jenny Wilson,R,0.6258814784846333,0.3091146874661875,3.532731227551267e-07,4.44058523285662e-09,0.9875862033416796,1.0,ok
2018,WA,Maria Cantwell,Susan Hutchison,D,0.5843375992492955,0.4156624007507044,1.0085590584907322e-08,4.1649565740708994e-10,0.9603416266256728,1.0,ok
2018,WV,Joe Manchin,Patrick Morrisey,D,0.4954581402649804,0.4629729066701434,1.490236112289267e-08,8.61529056428445e-10,0.9453479409823224,1.0,ok
2018,WI,Tammy Baldwin,Leah Vukmir,D,0.5541768676154819,0.445807330084832,1.5593878188724375e-08,1.8080641150941545e-10,0.988538191660153,1.0,ok
2018,WY,John Barrasso,Gary Trauner,R,0.669599842690001,0.3009881034313243,7.0562737874979575e-09,3.616128230188309e-11,0.9949014292064708,1.0,ok
